{
    "curveShape1": {
        "degree": 1, 
        "form": 0, 
        "min": 0.0, 
        "max": 15.0, 
        "spans": 15, 
        "cv_len": 16, 
        "cv_pose": [
            [
                -0.04953911900520325, 
                0.0, 
                -0.9794800877571106
            ], 
            [
                -0.7071067094802856, 
                0.0, 
                -0.7071067094802856
            ], 
            [
                -0.9999998807907104, 
                0.0, 
                0.0
            ], 
            [
                -0.7071067094802856, 
                0.0, 
                0.7071067094802856
            ], 
            [
                -0.7071067094802856, 
                0.0, 
                0.7071067094802856
            ], 
            [
                0.0, 
                0.0, 
                0.9999998807907104
            ], 
            [
                0.7071067094802856, 
                0.0, 
                0.7071067094802856
            ], 
            [
                1.0, 
                0.0, 
                0.0
            ], 
            [
                0.7071067690849304, 
                0.0, 
                -0.7071067690849304
            ], 
            [
                0.04953952133655548, 
                0.0, 
                -0.9794800877571106
            ], 
            [
                0.04953952133655548, 
                0.0, 
                -1.0919705629348755
            ], 
            [
                0.10792712867259979, 
                0.0, 
                -1.0919705629348755
            ], 
            [
                -1.0207295417785645e-06, 
                0.0, 
                -1.209712266921997
            ], 
            [
                -0.10792634636163712, 
                0.0, 
                -1.0919705629348755
            ], 
            [
                -0.04953911900520325, 
                0.0, 
                -1.0919705629348755
            ], 
            [
                -0.04953911900520325, 
                0.0, 
                -0.9794800877571106
            ]
        ]
    }
}