{
    "brushShape": {
        "degree": 3, 
        "form": 0, 
        "min": 0.0, 
        "max": 49.0, 
        "spans": 54, 
        "cv_len": 57, 
        "cv_pose": [
            [
                0.7584515037855114, 
                0.9554142302734113, 
                0.0
            ], 
            [
                -0.31944834701518127, 
                -0.24337366515247463, 
                0.0
            ], 
            [
                -0.31944834701518127, 
                -0.24337366515247463, 
                0.0
            ], 
            [
                -0.31944834701518127, 
                -0.24337366515247463, 
                0.0
            ], 
            [
                -0.21446709934783645, 
                -0.2698375140296243, 
                0.0
            ], 
            [
                -0.11645666387996201, 
                -0.34937855947393476, 
                0.0
            ], 
            [
                -0.065417977161319, 
                -0.46907930414698773, 
                0.0
            ], 
            [
                -0.065417977161319, 
                -0.46907930414698773, 
                0.0
            ], 
            [
                -0.06541797716132283, 
                -0.4690793041471963, 
                0.0
            ], 
            [
                -0.14645726290484998, 
                -0.5684106689522838, 
                0.0
            ], 
            [
                -0.14645726290484998, 
                -0.5684106689522838, 
                0.0
            ], 
            [
                -0.1464572494462909, 
                -0.5684106806729193, 
                0.0
            ], 
            [
                -0.1464572649459072, 
                -0.5684106743833638, 
                0.0
            ], 
            [
                -0.18753224540507774, 
                -0.46894436131947137, 
                0.0
            ], 
            [
                -0.2872827384189597, 
                -0.37367468361631034, 
                0.0
            ], 
            [
                -0.40854288758558627, 
                -0.34275001784772713, 
                0.0
            ], 
            [
                -0.4085428875855351, 
                -0.3427500178476807, 
                0.0
            ], 
            [
                -0.4085428849410934, 
                -0.3427500185221992, 
                0.0
            ], 
            [
                -0.4800592715369148, 
                -0.343574734397652, 
                0.0
            ], 
            [
                -0.6214024758087258, 
                -0.426536348117696, 
                0.0
            ], 
            [
                -0.686286417909166, 
                -0.5504730624122955, 
                0.0
            ], 
            [
                -0.7386357709430312, 
                -0.6957778377641191, 
                0.0
            ], 
            [
                -0.8516642379637649, 
                -0.772407813144708, 
                0.0
            ], 
            [
                -0.955766874450757, 
                -0.803439811595375, 
                0.0
            ], 
            [
                -0.9916425513983973, 
                -0.8079813531633286, 
                0.0
            ], 
            [
                -0.9916425513983973, 
                -0.8079813531633286, 
                0.0
            ], 
            [
                -0.9716940278501884, 
                -0.8687521005254654, 
                0.0
            ], 
            [
                -0.9048762643691326, 
                -0.9346180737420811, 
                0.0
            ], 
            [
                -0.7905259432782581, 
                -0.9774022620996482, 
                0.0
            ], 
            [
                -0.6546629817477511, 
                -0.9939455409063345, 
                0.0
            ], 
            [
                -0.4893237765851521, 
                -0.9757341401812528, 
                0.0
            ], 
            [
                -0.3365370426083124, 
                -0.9209796762307809, 
                0.0
            ], 
            [
                -0.23237324308509297, 
                -0.8395312296419307, 
                0.0
            ], 
            [
                -0.15394939063641674, 
                -0.736351938707609, 
                0.0
            ], 
            [
                -0.12637201238782755, 
                -0.6186122571325097, 
                0.0
            ], 
            [
                -0.1464572649459072, 
                -0.5684106743833638, 
                0.0
            ], 
            [
                -0.1464572522504153, 
                -0.5684106556094638, 
                0.0
            ], 
            [
                -0.14645726044844307, 
                -0.5684106561753098, 
                0.0
            ], 
            [
                -0.06541797716134637, 
                -0.4690793041469107, 
                0.0
            ], 
            [
                -0.06541795014660248, 
                -0.469079269716409, 
                0.0
            ], 
            [
                0.9648785746764373, 
                0.791670656911033, 
                0.0
            ], 
            [
                0.9648785746764373, 
                0.791670656911033, 
                0.0
            ], 
            [
                0.9740057358376447, 
                0.8095718713831774, 
                0.0
            ], 
            [
                0.9859766008807023, 
                0.8530005131005881, 
                0.0
            ], 
            [
                0.9736836977250973, 
                0.9143284851821747, 
                0.0
            ], 
            [
                0.9393417268913304, 
                0.9614690075922354, 
                0.0
            ], 
            [
                0.8938179713781441, 
                0.9871122533462905, 
                0.0
            ], 
            [
                0.8426840204404511, 
                0.9939456175398375, 
                0.0
            ], 
            [
                0.7892986469206289, 
                0.9833523459442038, 
                0.0
            ], 
            [
                0.7578851287397766, 
                0.9547015510900728, 
                0.0
            ], 
            [
                0.7578851287397766, 
                0.9547015510900728, 
                0.0
            ], 
            [
                -0.3194483470151324, 
                -0.24337366515249437, 
                0.0
            ], 
            [
                -0.3194483470154337, 
                -0.24337366515272918, 
                0.0
            ], 
            [
                -0.31944834701560365, 
                -0.24337366515292436, 
                0.0
            ], 
            [
                -0.4085428875854053, 
                -0.34275001784779363, 
                0.0
            ], 
            [
                -0.4085428875854053, 
                -0.34275001784779363, 
                0.0
            ], 
            [
                -0.4085428875856648, 
                -0.34275001784756776, 
                0.0
            ]
        ]
    }
}