{
    "Lf_chest_CTRLShape": {
        "degree": 1, 
        "form": 0, 
        "min": 0.0, 
        "max": 58.0, 
        "spans": 58, 
        "cv_len": 59, 
        "cv_pose": [
            [
                8.940696752407462e-08, 
                0.07187525182962418, 
                -0.9999999105930331
            ], 
            [
                0.7071067988872533, 
                0.07187525182962418, 
                -0.7071067392826079
            ], 
            [
                0.7071067988872533, 
                0.0, 
                -0.7071067392826079
            ], 
            [
                8.940696752407462e-08, 
                0.0, 
                -0.9999999105930331
            ], 
            [
                8.940696752407462e-08, 
                0.07187525182962418, 
                -0.9999999105930331
            ], 
            [
                -0.7071066200733183, 
                0.07187525182962418, 
                -0.7071067392826084
            ], 
            [
                -0.7071066200733183, 
                0.0, 
                -0.7071067392826084
            ], 
            [
                8.940696752407462e-08, 
                0.0, 
                -0.9999999105930331
            ], 
            [
                8.940696752407462e-08, 
                0.07187525182962418, 
                -0.9999999105930331
            ], 
            [
                -0.7071066200733183, 
                0.07187525182962418, 
                -0.7071067392826084
            ], 
            [
                -0.9999998509883882, 
                0.07187525182962418, 
                -2.9802322692508086e-08
            ], 
            [
                -0.9999998509883882, 
                0.0, 
                -2.9802322692508086e-08
            ], 
            [
                -0.7071066200733183, 
                0.0, 
                -0.7071067392826084
            ], 
            [
                -0.7071066200733183, 
                0.07187525182962418, 
                -0.7071067392826084
            ], 
            [
                -0.9999998509883882, 
                0.07187525182962418, 
                -2.9802322692508086e-08
            ], 
            [
                -0.7071066796779636, 
                0.07187525182962418, 
                0.7071067392826078
            ], 
            [
                -0.7071066796779636, 
                0.0, 
                0.7071067392826078
            ], 
            [
                -0.9999998509883882, 
                0.0, 
                -2.9802322692508086e-08
            ], 
            [
                -0.9999998509883882, 
                0.07187525182962418, 
                -2.9802322692508086e-08
            ], 
            [
                -0.7071066796779636, 
                0.07187525182962418, 
                0.7071067392826078
            ], 
            [
                8.940696691345196e-08, 
                0.07187525182962418, 
                0.9999999701976776
            ], 
            [
                8.940696691345196e-08, 
                0.0, 
                0.9999999701976776
            ], 
            [
                -0.7071066796779636, 
                0.0, 
                0.7071067392826078
            ], 
            [
                -0.7071066796779636, 
                0.07187525182962418, 
                0.7071067392826078
            ], 
            [
                8.940696691345196e-08, 
                0.07187525182962418, 
                0.9999999701976776
            ], 
            [
                0.7071067988872527, 
                0.07187526673078537, 
                0.7071066796779635
            ], 
            [
                0.7071067988872527, 
                0.0, 
                0.7071066796779635
            ], 
            [
                8.940696691345196e-08, 
                0.0, 
                0.9999999701976776
            ], 
            [
                8.940696691345196e-08, 
                0.07187525182962418, 
                0.9999999701976776
            ], 
            [
                0.7071067988872527, 
                0.07187526673078537, 
                0.7071066796779635
            ], 
            [
                0.9999999701976778, 
                0.07187525182962418, 
                -2.9802322081885422e-08
            ], 
            [
                0.9999999701976778, 
                0.0, 
                -2.9802322081885422e-08
            ], 
            [
                0.7071067988872527, 
                0.0, 
                0.7071066796779635
            ], 
            [
                0.7071067988872527, 
                0.07187526673078537, 
                0.7071066796779635
            ], 
            [
                0.9999999701976778, 
                0.07187525182962418, 
                -2.9802322081885422e-08
            ], 
            [
                0.7071067988872533, 
                0.07187525182962418, 
                -0.7071067392826079
            ], 
            [
                0.7071067988872533, 
                0.0, 
                -0.7071067392826079
            ], 
            [
                0.9999999701976778, 
                0.0, 
                -2.9802322081885422e-08
            ], 
            [
                0.9999999701976778, 
                0.07187525182962418, 
                -2.9802322081885422e-08
            ], 
            [
                0.7071067988872533, 
                0.07187525182962418, 
                -0.7071067392826079
            ], 
            [
                8.940696752407462e-08, 
                0.07187525182962418, 
                -0.9999999105930331
            ], 
            [
                8.940696746856347e-08, 
                0.3826834261417389, 
                -0.9238794147968293
            ], 
            [
                8.940696735754117e-08, 
                0.7071067690849304, 
                -0.7071067392826081
            ], 
            [
                8.940696730203002e-08, 
                0.9238795042037964, 
                -0.3826834261417389
            ], 
            [
                0.27059814333915727, 
                0.9238795042037964, 
                -0.2705980837345122
            ], 
            [
                0.3826834857463838, 
                0.9238795042037964, 
                -2.98023222206633e-08
            ], 
            [
                0.2705981433391571, 
                0.9238795042037964, 
                0.2705980241298677
            ], 
            [
                8.940696702447426e-08, 
                0.9238795042037964, 
                0.382683426141739
            ], 
            [
                -0.2705979645252229, 
                0.9238795042037964, 
                0.27059802412986755
            ], 
            [
                -0.38268333673477173, 
                0.9238795042037964, 
                -2.9802322442707905e-08
            ], 
            [
                -0.2705979645252227, 
                0.9238795042037964, 
                -0.2705980837345124
            ], 
            [
                8.940696730203002e-08, 
                0.9238795042037964, 
                -0.3826834261417389
            ], 
            [
                0.27059814333915727, 
                0.9238795042037964, 
                -0.2705980837345122
            ], 
            [
                0.3826834857463838, 
                0.9238795042037964, 
                -2.98023222206633e-08
            ], 
            [
                0.2705981433391571, 
                0.9238795042037964, 
                0.2705980241298677
            ], 
            [
                8.940696702447426e-08, 
                0.9238795042037964, 
                0.382683426141739
            ], 
            [
                8.940696691345196e-08, 
                0.7071067690849304, 
