{
    "curveShape1": {
        "degree": 1, 
        "form": 0, 
        "min": 0.0, 
        "max": 4.0, 
        "spans": 4, 
        "cv_len": 5, 
        "cv_pose": [
            [
                0.0, 
                0.0, 
                0.0
            ], 
            [
                0.0, 
                0.0, 
                -1.0
            ], 
            [
                0.0, 
                0.15052372217178345, 
                -1.0
            ], 
            [
                0.0, 
                0.15052372217178345, 
                -0.6989538669586182
            ], 
            [
                0.0, 
                0.0, 
                -0.6989538669586182
            ]
        ]
    }
}