{
    "R_knee_PV_CtrlShape": {
        "degree": 1, 
        "form": 0, 
        "min": 0.0, 
        "max": 24.0, 
        "spans": 24, 
        "cv_len": 25, 
        "cv_pose": [
            [
                2.675094220616609e-16, 
                0.00013371833809253109, 
                1.0011273087648878
            ], 
            [
                -0.40045092335536076, 
                0.19034790696953596, 
                0.6006763850330404
            ], 
            [
                -0.20022546171532876, 
                0.19034790696953605, 
                0.6006763850330404
            ], 
            [
                -0.20022546171532876, 
                0.32049445709767777, 
                0.20022546171532862
            ], 
            [
                -0.6006763850330405, 
                0.19034790696953569, 
                0.20022546171532868
            ], 
            [
                -0.6006763850330405, 
                0.19034790696953577, 
                0.40045092335536064
            ], 
            [
                -1.0011273087648878, 
                0.000133718338092087, 
                2.140021437083268e-15
            ], 
            [
                -0.6006763850330405, 
                0.19034790696953538, 
                -0.40045092335536087
            ], 
            [
                -0.6006763850330405, 
                0.19034790696953546, 
                -0.20022546171532885
            ], 
            [
                -0.20022546171532876, 
                0.32049445709767754, 
                -0.2002254617153289
            ], 
            [
                -0.20022546171532876, 
                0.19034790696953544, 
                -0.6006763850330407
            ], 
            [
                -0.40045092335536076, 
                0.19034790696953535, 
                -0.6006763850330407
            ], 
            [
                2.675094220616609e-16, 
                0.0001337183380916429, 
                -1.0011273087648878
            ], 
            [
                0.40045092335536076, 
                0.1903479069695357, 
                -0.6006763850330407
            ], 
            [
                0.20022546171532876, 
                0.19034790696953563, 
                -0.6006763850330407
            ], 
            [
                0.20022546171532876, 
                0.32049445709767754, 
                -0.2002254617153289
            ], 
            [
                0.6006763850330405, 
                0.190347906969536, 
                -0.20022546171532885
            ], 
            [
                0.6006763850330405, 
                0.1903479069695359, 
                -0.40045092335536087
            ], 
            [
                1.0011273087648878, 
                0.000133718338092087, 
                2.1400112768544566e-15
            ], 
            [
                0.6006763850330405, 
                0.1903479069695363, 
                0.40045092335536064
            ], 
            [
                0.6006763850330405, 
                0.1903479069695362, 
                0.20022546171532868
            ], 
            [
                0.20022546171532876, 
                0.32049445709767777, 
                0.20022546171532862
            ], 
            [
                0.20022546171532876, 
                0.19034790696953624, 
                0.6006763850330404
            ], 
            [
                0.40045092335536076, 
                0.19034790696953632, 
                0.6006763850330404
            ], 
            [
                2.675094220616609e-16, 
                0.00013371833809253109, 
                1.0011273087648878
            ]
        ]
    }
}