{
    "gnomonShape": {
        "degree": 1, 
        "form": 0, 
        "min": 0.0, 
        "max": 1.0, 
        "spans": 86, 
        "cv_len": 87, 
        "cv_pose": [
            [
                5.696364838356785e-07, 
                0.0, 
                0.0
            ], 
            [
                0.08392835128292674, 
                -2.055651735662299e-17, 
                -0.29161316126035075
            ], 
            [
                0.12589195202289927, 
                -3.083463522265079e-17, 
                -0.4374197208653146
            ], 
            [
                0.16785555281950523, 
                -4.1112753074520243e-17, 
                -0.5832263225207015
            ], 
            [
                0.3303710588440164, 
                -8.091757194239824e-17, 
                -0.49443552250073425
            ], 
            [
                0.4944353115406993, 
                -1.2110172434943772e-16, 
                -0.3303713330920616
            ], 
            [
                0.5832263225207015, 
                -1.4284924977011852e-16, 
                -0.11601102702040661
            ], 
            [
                0.5832263647127084, 
                -1.4284926010574437e-16, 
                0.11601092154038925
            ], 
            [
                0.49443552250073436, 
                -1.211017760134087e-16, 
                0.3303710166520094
            ], 
            [
                0.3303712698040513, 
                -8.091762362052756e-17, 
                0.4944353959247134
            ], 
            [
                0.116010932088391, 
                -2.841448332517354e-17, 
                0.5832263225207015
            ], 
            [
                -0.11601087934838229, 
                2.841447041272041e-17, 
                0.5832263647127085
            ], 
            [
                -0.33037112213202685, 
                8.091758744583704e-17, 
                0.4944354803087273
            ], 
            [
                -0.4944353959247134, 
                1.2110174502068947e-16, 
                0.33037118542003724
            ], 
            [
                -0.5832263225207015, 
                1.4284924977011854e-16, 
                0.11601097428039793
            ], 
            [
                -0.5832263647127084, 
                1.4284926010574434e-16, 
                -0.11601091099238758
            ], 
            [
                -0.4944353959247134, 
                1.2110174502068947e-16, 
                -0.33037118542003724
            ], 
            [
                -0.33037118542003735, 
                8.091760294927584e-17, 
                -0.4944353959247133
            ], 
            [
                -0.16785557391550873, 
                4.1112758242333175e-17, 
                -0.5832263225207015
            ], 
            [
                -0.1258919731189028, 
                3.0834640390463755e-17, 
                -0.43741972086531467
            ], 
            [
                -0.08392837239308863, 
                3.929743087439263e-17, 
                -0.29161316126035075
            ], 
            [
                5.696364839928682e-07, 
                0.0, 
                0.0
            ], 
            [
                -1.0548823774734786e-08, 
                -0.20543644419553672, 
                -0.14580658070096733
            ], 
            [
                -1.0548823774734786e-08, 
                -0.3664725094410993, 
                -0.2916131612603508
            ], 
            [
                -1.0548823774734786e-08, 
                -0.4926932788954897, 
                -0.4374197208653146
            ], 
            [
                -1.0548823774734786e-08, 
                -0.6053791056654663, 
                -0.5832263225207015
            ], 
            [
                -1.0548823774734786e-08, 
                -0.6787957967102302, 
                -0.7039627162607404
            ], 
            [
                -1.0548823617545062e-08, 
                -0.7264251705883166, 
                -0.817389534605763
            ], 
            [
                -1.0548823617545062e-08, 
                -0.7157111944098037, 
                -0.8223560896847623
            ], 
            [
                -1.054882361365159e-08, 
                -0.5800654429417929, 
                -0.7322228041767794
            ], 
            [
                -1.0548823617545062e-08, 
                -0.4290698355111852, 
                -0.5832263225281938
            ], 
            [
                -1.0548823697221443e-08, 
                -0.28846606738904623, 
                -0.4268221856001569
            ], 
            [
                -1.0548823696139924e-08, 
                -0.14397503049218788, 
                -0.4785159671287961
            ], 
            [
                -1.0548823617545062e-08, 
                -0.1439748934389572, 
                -0.5832263225207015
            ], 
            [
                -1.0548823538950202e-08, 
                -0.1439751572097927, 
                -0.7848389025759013
            ], 
            [
                -1.0548823523313744e-08, 
                -0.14397517399800283, 
                -0.8770444683154205
            ], 
            [
                1.074265569266912e-07, 
                -0.03728668638613554, 
                -0.9972148121957655
            ], 
            [
                3.224295121996126e-07, 
                -1.218194780513171e-18, 
                -0.9972147849627162
            ], 
            [
                0.12516000078180672, 
                0.0, 
                -0.9972149115229662
            ], 
            [
                0.176361818358011, 
                -4.319618725710169e-17, 
                -0.8910269069786416
            ], 
            [
                0.22756363590589834, 
                -5.573701564936819e-17, 
                -0.784838986959915
            ], 
            [
                0.39405304212179254, 
                -9.651515934924433e-17, 
                -0.715876853254894
            ], 
            [
                0.5053443566585045, 
                -1.2377366974859466e-16, 
                -0.7547579609850388
            ], 
            [
                0.6166357132456395, 
                -1.510321904552541e-16, 
                -0.7936390688567675
            ], 
            [
                0.7936386469366978, 
                -1.9438540570103478e-16, 
                -0.6166361351657093
            ], 
            [
                0.754757539064969, 
                -1.8486228093813498e-16, 
                -0.5053447785785742
            ], 
            [
                0.7158765155772542, 
                -1.7533917670490298e-16, 
                -0.39405342184985526
            ], 
            [
                0.7848387338078733, 
                -1.9223004868723513e-16, 
                -0.22756401563396123
            ], 
            [
                0.8910267382106137, 
                -2.182386085622542e-16, 
                -0.17636219808607373
            ], 
            [
                0.9972146583709244, 
                -2.3578458520922334e-16, 
                -0.12516039110034646
            ], 
            [
                0.9972148271389523, 
                -2.3578458520922334e-16, 
                0.12515973706760478
            ], 
            [
                0.8910269069786416, 
                -2.1613586977512137e-16, 
                0.17636160739797613
            ], 
            [
                0.784838986959915, 
                -1.9648715434101943e-16, 
                0.22756348823387398
            ], 
            [
                0.715876853254894, 
                -1.5718972347281555e-16, 
                0.39405299992978554
            ], 
            [
                0.7547578766010249, 
