{
    "curveShape1": {
        "degree": 1, 
        "form": 0, 
        "min": 0.0, 
        "max": 89.0, 
        "spans": 89, 
        "cv_len": 90, 
        "cv_pose": [
            [
                0.07106228917837143, 
                0.9948720335960388, 
                0.07106228917837143
            ], 
            [
                0.07106228917837143, 
                0.9948720335960388, 
                -0.07106228917837143
            ], 
            [
                -0.07106228917837143, 
                0.9948720335960388, 
                -0.07106228917837143
            ], 
            [
                -0.07106228917837143, 
                0.9948720335960388, 
                0.07106228917837143
            ], 
            [
                0.07106228917837143, 
                0.9948720335960388, 
                0.07106228917837143
            ], 
            [
                0.03437410295009613, 
                0.03437410295009613, 
                0.03437410295009613
            ], 
            [
                -0.03437410295009613, 
                0.03437410295009613, 
                0.03437410295009613
            ], 
            [
                -0.03437410295009613, 
                0.03437410295009613, 
                -0.03437410295009613
            ], 
            [
                0.03437410295009613, 
                0.03437410295009613, 
                -0.03437410295009613
            ], 
            [
                0.03437410295009613, 
                0.03437410295009613, 
                0.03437410295009613
            ], 
            [
                0.9948720335960388, 
                0.07106228917837143, 
                0.07106228917837143
            ], 
            [
                0.9948720335960388, 
                -0.07106228917837143, 
                0.07106228917837143
            ], 
            [
                0.9948720335960388, 
                -0.07106228917837143, 
                -0.07106228917837143
            ], 
            [
                0.9948720335960388, 
                0.07106228917837143, 
                -0.07106228917837143
            ], 
            [
                0.9948720335960388, 
                0.07106228917837143, 
                0.07106228917837143
            ], 
            [
                0.03437410295009613, 
                0.03437410295009613, 
                0.03437410295009613
            ], 
            [
                0.07106228917837143, 
                0.07106228917837143, 
                0.9948720335960388
            ], 
            [
                -0.07106228917837143, 
                0.07106228917837143, 
                0.9948720335960388
            ], 
            [
                -0.07106228917837143, 
                -0.07106228917837143, 
                0.9948720335960388
            ], 
            [
                0.07106228917837143, 
                -0.07106228917837143, 
                0.9948720335960388
            ], 
            [
                0.07106228917837143, 
                0.07106228917837143, 
                0.9948720335960388
            ], 
            [
                0.03437410295009613, 
                0.03437410295009613, 
                0.03437410295009613
            ], 
            [
                0.03437410295009613, 
                0.03437410295009613, 
                -0.03437410295009613
            ], 
            [
                0.07106228917837143, 
                0.07106228917837143, 
                -0.9948720335960388
            ], 
            [
                0.07106228917837143, 
                -0.07106228917837143, 
                -0.9948720335960388
            ], 
            [
                -0.07106228917837143, 
                -0.07106228917837143, 
                -0.9948720335960388
            ], 
            [
                -0.07106228917837143, 
                0.07106228917837143, 
                -0.9948720335960388
            ], 
            [
                0.07106228917837143, 
                0.07106228917837143, 
                -0.9948720335960388
            ], 
            [
                0.03437410295009613, 
                0.03437410295009613, 
                -0.03437410295009613
            ], 
            [
                -0.03437410295009613, 
                0.03437410295009613, 
                -0.03437410295009613
            ], 
            [
                -0.9948720335960388, 
                0.07106228917837143, 
                -0.07106228917837143
            ], 
            [
                -0.9948720335960388, 
                0.07106228917837143, 
                0.07106228917837143
            ], 
            [
                -0.9948720335960388, 
                -0.07106228917837143, 
                0.07106228917837143
            ], 
            [
                -0.9948720335960388, 
                -0.07106228917837143, 
                -0.07106228917837143
            ], 
            [
                -0.9948720335960388, 
                0.07106228917837143, 
                -0.07106228917837143
            ], 
            [
                -0.03437410295009613, 
                0.03437410295009613, 
                -0.03437410295009613
            ], 
            [
                -0.03437410295009613, 
                -0.03437410295009613, 
                -0.03437410295009613
            ], 
            [
                -0.07106228917837143, 
                -0.9948720335960388, 
                -0.07106228917837143
            ], 
            [
                0.07106228917837143, 
                -0.9948720335960388, 
                -0.07106228917837143
            ], 
            [
                0.07106228917837143, 
                -0.9948720335960388, 
                0.07106228917837143
            ], 
            [
                -0.07106228917837143, 
                -0.9948720335960388, 
                0.07106228917837143
            ], 
            [
                -0.07106228917837143, 
                -0.9948720335960388, 
                -0.07106228917837143
            ], 
            [
                -0.03437410295009613, 
                -0.03437410295009613, 
                -0.03437410295009613
            ], 
            [
                0.03437410295009613, 
                -0.03437410295009613, 
                -0.03437410295009613
            ], 
            [
                0.07106228917837143, 
                -0.9948720335960388, 
                -0.07106228917837143
            ], 
            [
                0.07106228917837143, 
                -0.9948720335960388, 
                0.07106228917837143
            ], 
            [
                0.03437410295009613, 
                -0.03437410295009613, 
                0.03437410295009613
            ], 
            [
                -0.03437410295009613, 
                -0.03437410295009613, 
                0.03437410295009613
            ], 
            [
                -0.07106228917837143, 
                -0.9948720335960388, 
                0.07106228917837143
            ], 
            [
                -0.03437410295009613, 
                -0.03437410295009613, 
                0.03437410295009613
            ], 
            [
                -0.03437410295009613, 
                -0.03437410295009613, 
                -0.03437410295009613
            ], 
            [
                -0.9948720335960388, 
                -0.07106228917837143, 
                -0.07106228917837143
            ], 
            [
                -0.9948720335960388, 
                -0.07106228917837143, 
                0.07106228917837143
            ], 
            [
                -0.03437410295009613, 
                -0.03437410295009613, 
                0.03437410295009613
            ], 
            [
                -0.03437410295009613, 
                0.03437410295009613, 
