{
    "curveShape10": {
        "degree": 3, 
        "form": 0, 
        "min": 0.0, 
        "max": 27.0, 
        "spans": 28, 
        "cv_len": 31, 
        "cv_pose": [
            [
                -4.612710910084125e-17, 
                0.06469505844681112, 
                0.0
            ], 
            [
                0.8309498938671327, 
                0.06469505844681112, 
                0.0
            ], 
            [
                0.8309498938671327, 
                0.06469505844681112, 
                0.0
            ], 
            [
                0.890303457714785, 
                0.08059884932131123, 
                0.0
            ], 
            [
                0.933753287291907, 
                0.12404862229446367, 
                0.0
            ], 
            [
                0.9496570215624374, 
                0.183402186142116, 
                0.0
            ], 
            [
                0.9337532872919069, 
                0.24275574998976834, 
                0.0
            ], 
            [
                0.9337532872919069, 
                0.24275574998976834, 
                0.0
            ], 
            [
                0.6685054450339777, 
                0.7021782452036429, 
                0.0
            ], 
            [
                0.6685054450339777, 
                0.7021782452036429, 
                0.0
            ], 
            [
                0.6250556154568556, 
                0.7456280181767954, 
                0.0
            ], 
            [
                0.5657020516092033, 
                0.7615318090512952, 
                0.0
            ], 
            [
                0.506348487761551, 
                0.7456280181767954, 
                0.0
            ], 
            [
                0.46289865818442905, 
                0.7021782452036429, 
                0.0
            ], 
            [
                0.44699492391389867, 
                0.6428246813559906, 
                0.0
            ], 
            [
                0.46289865818442905, 
                0.5834711175083382, 
                0.0
            ], 
            [
                0.46289865818442905, 
                0.5834711175083382, 
                0.0
            ], 
            [
                0.6234726369870028, 
                0.30210931887182224, 
                0.0
            ], 
            [
                0.6234726369870028, 
                0.3021093088028135, 
                0.0
            ], 
            [
                0.62347263698684, 
                0.30210931887202785, 
                0.0
            ], 
            [
                -1.148393802788614e-06, 
                0.30210931383742046, 
                0.0
            ], 
            [
                -0.8309498938671328, 
                0.30210931383742046, 
                0.0
            ], 
            [
                -0.8309498938671328, 
                0.30210931383742046, 
                0.0
            ], 
            [
                -0.8903034577147851, 
                0.28620552296292057, 
                0.0
            ], 
            [
                -0.9337533438958765, 
                0.2427557499897679, 
                0.0
            ], 
            [
                -0.9496570215624374, 
                0.18340218614211556, 
                0.0
            ], 
            [
                -0.9337533438958764, 
                0.12404862229446323, 
                0.0
            ], 
            [
                -0.890303457714785, 
                0.08059884932131078, 
                0.0
            ], 
            [
                -0.8309498938671327, 
                0.06469505844681112, 
                0.0
            ], 
            [
                -0.8309498938671327, 
                0.06469505844681112, 
                0.0
            ], 
            [
                -4.612710910084125e-17, 
                0.06469505844681112, 
                0.0
            ]
        ]
    }, 
    "curveShape9": {
        "degree": 3, 
        "form": 0, 
        "min": 0.0, 
        "max": 27.0, 
        "spans": 28, 
        "cv_len": 31,