{
    "nurbsCircleShape4": {
        "degree": 3, 
        "form": 2, 
        "min": 0.0, 
        "max": 8.0, 
        "spans": 8, 
        "cv_len": 8, 
        "cv_pose": [
            [
                -0.25468785893565976, 
                1.1554033616087264e-14, 
                0.391563931982164
            ], 
            [
                -0.2087288274700165, 
                1.155653603277622e-14, 
                0.3811869149987217
            ], 
            [
                -0.16758934434169354, 
                1.1554033616087264e-14, 
                0.391563931982164
            ], 
            [
                -0.1557094466406111, 
                1.1546319456101628e-14, 
                0.5554518014749448
            ], 
            [
                -0.1675893443416936, 
                1.153860529611599e-14, 
                0.7119815288158637
            ], 
            [
                -0.20872882747001653, 
                1.1536102879427036e-14, 
                0.7297166879511678
            ], 
            [
                -0.2546878589356598, 
                1.153860529611599e-14, 
                0.7119815288158637
            ], 
            [
                -0.2665677566367423, 
                1.1546319456101628e-14, 
                0.5554518014749448
            ]
        ]
    }, 
    "nurbsCircleShape2": {
        "degree": 3, 
        "form": 2, 
        "min": 0.0, 
        "max": 8.0, 
        "spans": 8, 
        "cv_len": 8, 
        "cv_pose": [
            [
                0.2546878589356598, 
                1.1554033616087264e-14, 
                0.391563931982164
            ], 
            [
                0.20872882747001653, 
                1.155653603277622e-14, 
                0.3811869149987217
            ], 
            [
                0.16758934434169354, 
                1.1554033616087264e-14, 
                0.391563931982164
            ], 
            [
                0.1557094466406111, 
                1.1546319456101628e-14, 
                0.5554518014749448
            ], 
            [
                0.16758934434169354, 
                1.153860529611599e-14, 
                0.7119815288158637
            ], 
            [
                0.20872882747001653, 
                1.1536102879427036e-14, 
                0.7297166879511678
            ], 
            [
                0.2546878589356598, 
                1.153860529611599e-14, 
                0.7119815288158637
            ], 
            [
                0.2665677566367423, 
                1.1546319456101628e-14, 
                0.5554518014749448
            ]
        ]
    }, 
    "nurbsCircleShape3": {
        "degree": 3, 
        "form": 2, 
        "min": 0.0, 
        "max": 12.0, 
        "spans": 12, 
        "cv_len": 12, 
        "cv_pose": [
            [
                0.2968304817446261, 
                9.778933059438236e-15, 
                0.3237302104494919
            ], 
            [
                -1.358584625409769e-16, 
                9.780833095771409e-15, 
                0.28239153329420397
            ], 
            [
                -0.29683048174462456, 
                9.778933059438236e-15, 
                0.3237302104494919
            ], 
            [
                -0.6215823285845191, 
                9.769780350620407e-15, 
                0.4628965598650989
            ], 
            [
                -0.6074773963234017, 
                9.758727605469403e-15, 
                0.6434015864359948
            ], 
            [
                -0.5746682380115833, 
                9.746439010014425e-15, 
                0.8520166087834591
            ], 
            [
                -0.34295954155489805, 
                9.738969530342841e-15, 
                0.9855609590437533
            ], 
            [
                -2.6139417708337877e-16, 
                9.736622115167398e-15, 
                1.0044116395777865
            ], 
            [
                0.3429595415548964, 
                9.738969530342841e-15, 
                0.9855609590437551
            ], 
            [
                0.5746682380115824, 
                9.746439010014425e-15, 
                0.8520166087834591
            ], 
            [
                0.6074773963234017, 
                9.758727605469403e-15, 
                0.6434015864359948
            ], 
            [
                0.6215823285845195, 
                9.769780350620407e-15, 
                0.4628965598650998
            ]
        ]
    }, 
    "toadstoolShape": {
        "degree": 3, 
        "form": 0, 
        "min": 0.0, 
        "max": 60.0, 
        "spans": 68, 
        "cv_len": 71,