{
    "curveShape1": {
        "degree": 1, 
        "form": 0, 
        "min": 0.0, 
        "max": 7.0, 
        "spans": 7, 
        "cv_len": 8, 
        "cv_pose": [
            [
                -0.9978419179186029, 
                0.9936487939222987, 
                4.431308288837434e-16
            ], 
            [
                -0.5442774097737834, 
                0.9936487939222987, 
                2.417077248456782e-16
            ], 
            [
                0.0, 
                -0.6391834353990513, 
                0.0
            ], 
            [
                0.5442774097737834, 
                0.9936487939222987, 
                -2.417077248456782e-16
            ], 
            [
                0.9978419179186029, 
                0.9936487939222987, 
                -4.431308288837434e-16
            ], 
            [
                0.2721387048868917, 
                -1.0020350419149069, 
                -1.208538624228391e-16
            ], 
            [
                -0.2721387048868917, 
                -1.0020350419149069, 
                1.208538624228391e-16
            ], 
            [
                -0.9978419179186029, 
                0.9936487939222987, 
                4.431308288837434e-16
            ]
        ]
    }
}