{
    "curveShape36": {
        "min": 0.0,
        "max": 32.0,
        "spans": 32,
        "degree": 1,
        "form": 0,
        "cv_len": 33,
        "cv_pose": [
            [
                0.0,
                0.35,
                -1.001567
            ],
            [
                -0.336638,
                0.677886,
                -0.751175
            ],
            [
                -0.0959835,
                0.677886,
                -0.751175
            ],
            [
                -0.0959835,
                0.850458,
                -0.500783
            ],
            [
                -0.0959835,
                0.954001,
                -0.0987656
            ],
            [
                -0.500783,
                0.850458,
                -0.0987656
            ],
            [
                -0.751175,
                0.677886,
                -0.0987656
            ],
            [
                -0.751175,
                0.677886,
                -0.336638
            ],
            [
                -1.001567,
                0.35,
                0.0
            ],
            [
                -0.751175,
                0.677886,
                0.336638
            ],
            [
                -0.751175,
                0.677886,
                0.0987656
            ],
            [
                -0.500783,
                0.850458,
                0.0987656
            ],
            [
                -0.0959835,
                0.954001,
                0.0987656
            ],
            [
                -0.0959835,
                0.850458,
                0.500783
            ],
            [
                -0.0959835,
                0.677886,
                0.751175
            ],
            [
                -0.336638,
                0.677886,
                0.751175
            ],
            [
                0.0,
                0.35,
                1.001567
            ],
            [
                0.336638,
                0.677886,
                0.751175
            ],
            [
                0.0959835,
                0.677886,
                0.751175
            ],
            [
                0.0959835,
                0.850458,
                0.500783
            ],
            [
                0.0959835,
                0.954001,
                0.0987656
            ],
            [
                0.500783,
                0.850458,
                0.0987656
            ],
            [
                0.751175,
                0.677886,
                0.0987656
            ],
            [
                0.751175,
                0.677886,
                0.336638
            ],
            [
                1.001567,
                0.35,
                0.0
            ],
            [
                0.751175,
                0.677886,
                -0.336638
            ],
            [
                0.751175,
                0.677886,
                -0.0987656
            ],
            [
                0.500783,
                0.850458,
                -0.0987656
            ],
            [
                0.0959835,
                0.954001,
                -0.0987656
            ],
            [
                0.0959835,
                0.850458,
                -0.500783
            ],
            [
                0.0959835,
                0.677886,
                -0.751175
            ],
            [
                0.336638,
                0.677886,
                -0.751175
            ],
            [
                0.0,
                0.35,
                -1.001567
            ]
        ]
    }
}