{
    "curveShape1": {
        "degree": 1, 
        "form": 0, 
        "min": 0.0, 
        "max": 7.0, 
        "spans": 7, 
        "cv_len": 8, 
        "cv_pose": [
            [
                -0.4, 
                1.3322676295501878e-15, 
                0.0
            ], 
            [
                -0.4, 
                1.2000000000000015, 
                -5.329070518200752e-16
            ], 
            [
                -0.8, 
                1.2000000000000015, 
                -5.329070518200752e-16
            ], 
            [
                0.0, 
                2.0000000000000018, 
                -8.881784197001252e-16
            ], 
            [
                0.8, 
                1.2000000000000015, 
                -5.329070518200752e-16
            ], 
            [
                0.4, 
                1.2000000000000015, 
                -5.329070518200752e-16
            ], 
            [
                0.4, 
                1.3322676295501878e-15, 
                0.0
            ], 
            [
                -0.4, 
                1.3322676295501878e-15, 
                0.0
            ]
        ]
    }
}