{
    "curveShape4": {
        "degree": 3, 
        "form": 0, 
        "min": 0.0, 
        "max": 96.0, 
        "spans": 96, 
        "cv_len": 99, 
        "cv_pose": [
            [
                -0.16666666666, 
                1.0, 
                -0.16666666666
            ], 
            [
                -0.16666666666, 
                1.0, 
                -0.16666666666
            ], 
            [
                -0.16666666666, 
                1.0, 
                -0.16666666666
            ], 
            [
                -0.16666666665999996, 
                0.9566154145788018, 
                -0.3295386431419415
            ], 
            [
                -0.16666666665999993, 
                0.9030804106335198, 
                -0.48724767918272643
            ], 
            [
                -0.16666666665999993, 
                0.8294182461152446, 
                -0.6366197723421165
            ], 
            [
                -0.16666666665999993, 
                0.8294182461152446, 
                -0.6366197723421165
            ], 
            [
                -0.16666666665999993, 
                0.8294182461152446, 
                -0.6366197723421165
            ], 
            [
                -0.33333333331999987, 
                0.8294182461152446, 
                -0.6366197723421165
            ], 
            [
                -0.33333333331999987, 
                0.8294182461152446, 
                -0.6366197723421165
            ], 
            [
                -0.33333333331999987, 
                0.8294182461152446, 
                -0.6366197723421165
            ], 
            [
                -0.16666666665999985, 
                0.7368893010818949, 
                -0.7750991246923865
            ], 
            [
                1.7114473795620942e-16, 
                0.6270767714368604, 
                -0.9003163161210934
            ], 
            [
                1.7114473795620942e-16, 
                0.6270767714368604, 
                -0.9003163161210934
            ], 
            [
                1.7114473795620942e-16, 
                0.6270767714368604, 
                -0.9003163161210934
            ], 
            [
                0.16666666666000013, 
                0.7368893010818948, 
                -0.7750991246923863
            ], 
            [
                0.3333333333200001, 
                0.8294182461152446, 
                -0.6366197723421164
            ], 
            [
                0.3333333333200001, 
                0.8294182461152446, 
                -0.6366197723421164
            ], 
            [
                0.3333333333200001, 
                0.8294182461152446, 
                -0.6366197723421164
            ], 
            [
                0.16666666666000005, 
                0.8294182461152446, 
                -0.6366197723421164
            ], 
            [
                0.16666666666000005, 
                0.8294182461152446, 
                -0.6366197723421164
            ], 
            [
                0.16666666666000005, 
                0.8294182461152446, 
                -0.6366197723421164
            ], 
            [
                0.16666666666000005, 
                0.9030804106335197, 
                -0.4872476791827264
            ], 
            [
                0.16666666666000002, 
                0.9566154145788017, 
                -0.3295386431419414
            ], 
            [
                0.16666666666, 
                1.0, 
                -0.16666666666
            ], 
            [
                0.16666666666, 
                1.0, 
                -0.16666666666
            ], 
            [
                0.16666666666, 
                1.0, 
                -0.16666666666
            ], 
            [
                0.32953864314194153, 
                0.956615414578802, 
                -0.16666666666
            ], 
            [
                0.4872476791827265, 
                0.9030804106335198, 
                -0.16666666666
            ], 
            [
                0.6366197723421165, 
                0.8294182461152446, 
                -0.16666666666
            ], 
            [
                0.6366197723421165, 
                0.8294182461152446, 
                -0.16666666666
            ], 
            [
                0.6366197723421165, 
                0.8294182461152446, 
                -0.16666666666
            ], 
            [
                0.6366197723421165, 
                0.8294182461152446, 
                -0.33333333332
            ], 
            [
                0.6366197723421165, 
                0.8294182461152446, 
                -0.33333333332
            ], 
            [
                0.6366197723421165, 
                0.8294182461152446, 
                -0.33333333332
            ], 
            [
                0.7750991246923866, 
                0.7368893010818947, 
                -0.16666666666
            ], 
            [
                0.9003163161210938, 
                0.6270767714368604, 
                0.0
            ], 
            [
                0.9003163161210938, 
                0.6270767714368604, 
                0.0
            ], 
            [
                0.9003163161210938, 
                0.6270767714368604, 
                0.0
            ], 
            [
                0.7750991246923866, 
                0.7368893010818947, 
                0.16666666666
            ], 
            [
                0.6366197723421165, 
                0.8294182461152446, 
                0.33333333332
            ], 
            [
                0.6366197723421165, 
                0.8294182461152446, 
                0.33333333332
            ], 
            [
                0.6366197723421165, 
                0.8294182461152446, 
                0.33333333332
            ], 
            [
                0.6366197723421165, 
                0.8294182461152446, 
                0.16666666666
            ], 
            [
                0.6366197723421165, 
                0.8294182461152446, 
                0.16666666666
            ], 
            [
                0.6366197723421165, 
                0.8294182461152446, 
                0.16666666666
            ], 
            [
                0.4872476791827265, 
                0.9030804106335198, 
                0.16666666666
            ], 
            [
                0.32953864314194153, 
                0.956615414578802, 
                0.16666666666
            ], 
            [
                0.16666666666, 
                1.0, 
                0.16666666666
            ], 
            [
                0.16666666666, 
                1.0, 
                0.16666666666
            ], 
            [
                0.16666666666, 
                1.0, 
                0.16666666666
            ], 
            [
                0.16666666666, 
                0.9566154145788018, 
                0.3295386431419415
            ], 
            [
                0.16666666665999996, 
                0.9030804106335198, 
                0.48724767918272643
            ], 
            [
                0.16666666665999996, 
                0.8294182461152446, 
                0.6366197723421165
            ], 
            [
                0.16666666665999996, 
                0.8294182461152446, 
                0.6366197723421165
            ], 
            [
                0.16666666665999996, 
                0.8294182461152446, 
                0.6366197723421165
            ], 
            [
                0.3333333333199999, 
                0.8294182461152446, 
                0.6366197723421165
            ], 
            [
                0.3333333333199999, 
                0.8294182461152446, 
                0.6366197723421165
            ], 
            [
