{
    "Lf_pv_CTRL2Shape": {
        "degree": 3, 
        "form": 0, 
        "min": 0.0, 
        "max": 48.0, 
        "spans": 10, 
        "cv_len": 13, 
        "cv_pose": [
            [
                -0.06541797518730164, 
                -0.46907931566238403, 
                0.0
            ], 
            [
                0.9648785746764373, 
                0.791670656911033, 
                0.0
            ], 
            [
                0.9648785746764373, 
                0.791670656911033, 
                0.0
            ], 
            [
                0.9740057358376447, 
                0.8095718713831774, 
                0.0
            ], 
            [
                0.9859766008807023, 
                0.8530005131005881, 
                0.0
            ], 
            [
                0.9736836977250973, 
                0.9143284851821747, 
                0.0
            ], 
            [
                0.9393417268913304, 
                0.9614690075922354, 
                0.0
            ], 
            [
                0.8938179713781441, 
                0.9871122533462905, 
                0.0
            ], 
            [
                0.8426840204404511, 
                0.9939456175398375, 
                0.0
            ], 
            [
                0.7930863945146975, 
                0.9841039495456055, 
                0.0
            ], 
            [
                0.7612283612601947, 
                0.9577507564844097, 
                0.0
            ], 
            [
                0.7612283825874329, 
                0.9577507376670837, 
                0.0
            ], 
            [
                -0.3194483518600464, 
                -0.24337366223335266, 
                0.0
            ]
        ]
    }, 
    "brushShape": {
        "degree": 3, 
        "form": 0, 
        "min": 0.0, 
        "max": 14.0, 
        "spans": 14, 
        "cv_len": 17, 
        "cv_pose": [
            [
                -0.4085429012775421, 
                -0.34275001287460327, 
                0.0
            ], 
            [
                -0.4085429012775421, 
                -0.34275001287460327, 
                0.0
            ], 
            [
                -0.4085429012775421, 
                -0.34275001287460327, 
                0.0
            ], 
            [
                -0.2872827351093292, 
                -0.3736746907234192, 
                0.0
            ], 
            [
                -0.1875322461128235, 
                -0.46894437074661255, 
                0.0
            ], 
            [
                -0.1464572697877884, 
                -0.5684106945991516, 
                0.0
            ], 
            [
                -0.1464572697877884, 
                -0.5684106945991516, 
                0.0
            ], 
            [
                -0.1464572697877884, 
                -0.5684106945991516, 
                0.0
            ], 
            [
                -0.06541797518730164, 
                -0.46907931566238403, 
                0.0
            ], 
            [
                -0.06541797518730164, 
                -0.46907931566238403, 
                0.0
            ], 
            [
                -0.06541797518730164, 
                -0.46907931566238403, 
                0.0
            ], 
            [
                -0.11645666509866714, 
                -0.3493785560131073, 
                0.0
            ], 
            [
                -0.2144670933485031, 
                -0.26983752846717834, 
                0.0
            ], 
            [
                -0.3194483518600464, 
                -0.24337366223335266, 
                0.0
            ], 
            [
                -0.3194483518600464, 
                -0.24337366223335266, 
                0.0
            ], 
            [
                -0.3194483518600464, 
                -0.24337366223335266, 
                0.0
            ], 
            [
                -0.4085429012775421, 
                -0.34275001287460327, 
                0.0
            ]
        ]
    }, 
    "Lf_pv_CTRLShape": {
        "degree": 3, 
        "form": 0, 
        "min": 16.0, 
        "max": 32.0, 
        "spans": 18, 
        "cv_len": 21, 
        "cv_pose": [
            [
                -0.4085428875855351, 
                -0.3427500178476807, 
                0.0
            ], 
            [
                -0.46102483665232513, 
                -0.33995762552754355, 
                0.0
            ], 
            [
                -0.5478301328907499, 
                -0.37392510967688997, 
                0.0
            ], 
            [
                -0.6399771934884094, 
                -0.4620164592768818, 
                0.0
            ], 
            [
                -0.686286417909166, 
                -0.5504730624122955, 
                0.0
            ], 
            [
                -0.7386357709430312, 
                -0.6957778377641191, 
                0.0
            ], 
            [
                -0.8516642379637649, 
                -0.772407813144708, 
                0.0
            ], 
            [
                -0.955766874450757, 
                -0.803439811595375, 
                0.0
            ], 
            [
                -0.9916425513983973, 
                -0.8079813531633286, 
                0.0
            ], 
            [
                -0.9916425513983973, 
                -0.8079813531633286, 
                0.0
            ], 
            [
                -0.9716940278501884, 
                -0.8687521005254654, 
                0.0
            ], 
            [
                -0.9048762643691326, 
                -0.9346180737420811, 
                0.0
            ], 
            [
                -0.7905259432782581, 
                -0.9774022620996482, 
                0.0
            ], 
            [
                -0.6546629817477511, 
                -0.9939455409063345, 
                0.0
            ], 
            [
                -0.4893237765851521, 
                -0.9757341401812528, 
                0.0
            ], 
            [
                -0.3365370426083124, 
                -0.9209796762307809, 
                0.0
            ], 
            [
                -0.23994279028632812, 
                -0.8454500600200809, 
                0.0
            ], 
            [
                -0.16413927042883975, 
                -0.7552960710942651, 
                0.0
            ], 
            [
                -0.1413790740171971, 
                -0.6793050421187402, 
                0.0
            ], 
            [
                -0.1366231502816861, 
                -0.6017632598865627, 
                0.0
            ], 
            [
                -0.1464688253316642, 
                -0.568382658400973, 
                0.0
            ]
        ]
    }
}