{
    "cube_pointerShape": {
        "min": 0.0,
        "max": 16.0,
        "spans": 16,
        "degree": 1,
        "form": 0,
        "cv_len": 17,
        "cv_pose": [
            [
                -1.0,
                1.0,
                -1.0
            ],
            [
                1.0,
                1.0,
                -1.0
            ],
            [
                1.0,
                1.0,
                1.0
            ],
            [
                -1.0,
                1.0,
                1.0
            ],
            [
                -1.0,
                1.0,
                -1.0
            ],
            [
                -1.0,
                -1.0,
                -1.0
            ],
            [
                1.0,
                -1.0,
                -1.0
            ],
            [
                1.0,
                1.0,
                -1.0
            ],
            [
                1.0,
                1.0,
                1.0
            ],
            [
                1.0,
                -1.0,
                1.0
            ],
            [
                1.0,
                -1.0,
                -1.0
            ],
            [
                -1.0,
                -1.0,
                -1.0
            ],
            [
                -1.0,
                -1.0,
                1.0
            ],
            [
                1.0,
                -1.0,
                1.0
            ],
            [
                1.0,
                1.0,
                1.0
            ],
            [
                -1.0,
                1.0,
                1.0
            ],
            [
                -1.0,
                -1.0,
                1.0
            ]
        ]
    },
    "curveShape15": {
        "min": 0.0,
        "max": 29.0,
        "spans": 29,
        "degree": 1,
        "form": 0,
        "cv_len": 30,
        "cv_pose": [
            [
                -8.866736344647255e-17,
                0.8605744548053776,
                0.0
            ],
            [
                0.4302872274026903,
                0.8605744548053776,
                0.0
            ],
            [
                -1.9405733859701133e-16,
                -2.8662887223875243e-15,
                0.0
            ],
            [
                -0.4302872274026905,
                0.8605744548053776,
                0.0
            ],
            [
                -8.866736344647255e-17,
                0.8605744548053776,
                0.0
            ],
            [
                1.7480757442987451e-16,
                3.01201059181883,
                0.0
            ],
            [
                -0.11124947178328323,
                3.027045688118735,
                0.0
            ],
            [
                -0.2149620324913811,
                3.0700055649026194,
                0.0
            ],
            [
                -0.304261261943171,
                3.1380363421347357,
                0.0
            ],
            [
                -0.37229257703432134,
                3.2273358943019463,
                0.0
            ],
            [
                -0.41525170081555796,
                3.3310482398664303,
                0.0
            ],
            [
                -0.43029045455689563,
                3.442297844030806,
                0.0
            ],
            [
                -0.41525170081555796,
                3.553547291004804,
                0.0
            ],
            [
                -0.37229257703432134,
                3.6572598517129022,
                0.0
            ],
            [
                -0.30426126194317094,
                3.7465590811646914,
                0.0
            ],
            [
                -0.21496203249138096,
                3.8145903962558414,
                0.0
            ],
            [
                -0.11124947178328315,
                3.8575495200370784,
                0.0
            ],
            [
                2.801979447928201e-16,
                3.8725882737784163,
                0.0
            ],
            [
                0.11124947178328368,
                3.8575495200370784,
                0.0
            ],
            [
                0.21496203249138157,
                3.8145903962558414,
                0.0
            ],
            [
                0.3042612619431715,
                3.7465590811646914,
                0.0
            ],
            [
                0.3722925770343218,
                3.6572598517129014,
                0.0
            ],
            [
                0.41525170081555846,
                3.553547291004804,
                0.0
            ],
            [
                0.43029045455689613,
                3.442297844030806,
                0.0
            ],
            [
                0.41525170081555846,
                3.3310482398664303,
                0.0
            ],
            [
                0.3722925770343218,
                3.2273358943019463,
                0.0
            ],
            [
                0.3042612619431714,
                3.1380363421347357,
                0.0
            ],
            [
                0.21496203249138143,
                3.0700055649026194,
                0.0
            ],
            [
                0.1112494717832836,
                3.027045688118735,
                0.0
            ],
            [
                1.7480757442987451e-16,
                3.01201059181883,
                0.0
            ]
        ]
    }
}