{
    "polyToCurveShape32": {
        "min": 0.0,
        "max": 152.0,
        "spans": 152,
        "degree": 1,
        "form": 2,
        "cv_len": 152,
        "cv_pose": [
            [
                -1.451613426208496,
                5.475806713104248,
                0.0
            ],
            [
                -1.896773338317871,
                5.471775531768799,
                0.0
            ],
            [
                -2.3125791549682617,
                5.4596781730651855,
                0.0
            ],
            [
                -2.69919490814209,
                5.439355373382568,
                0.0
            ],
            [
                -3.056450843811035,
                5.411130428314209,
                0.0
            ],
            [
                -3.416935920715332,
                5.375000476837158,
                0.0
            ],
            [
                -3.8125810623168945,
                5.33064603805542,
                0.0
            ],
            [
                -4.243548393249512,
                5.278226375579834,
                0.0
            ],
            [
                -4.709677696228027,
                5.217742443084717,
                0.0
            ],
            [
                -4.8225812911987305,
                5.199033260345459,
                0.0
            ],
            [
                -4.919354438781738,
                5.175323963165283,
                0.0
            ],
            [
                -4.999838829040527,
                5.146613597869873,
                0.0
            ],
            [
                -5.064517021179199,
                5.112904071807861,
                0.0
            ],
            [
                -5.1138715744018555,
                5.075968265533447,
                0.0
            ],
            [
                -5.14919376373291,
                5.03822660446167,
                0.0
            ],
            [
                -5.170323371887207,
                4.999354839324951,
                0.0
            ],
            [
                -5.1774187088012695,
                4.9596781730651855,
                0.0
            ],
            [
                -5.169838905334473,
                4.854838848114014,
                0.0
            ],
            [
                -5.147097587585449,
                4.750000476837158,
                0.0
            ],
            [
                -5.1093549728393555,
                4.645162105560303,
                0.0
            ],
            [
                -5.056450843811035,
                4.540323734283447,
                0.0
            ],
            [
                -4.995322227478027,
                4.448548793792725,
                0.0
            ],
            [
                -4.933548927307129,
                4.3830647468566895,
                0.0
            ],
            [
                -4.870484352111816,
                4.343710422515869,
                0.0
            ],
            [
                -4.806450843811035,
                4.33064603805542,
                0.0
            ],
            [
                -4.749032020568848,
                4.335646152496338,
                0.0
            ],
            [
                -4.673386573791504,
                4.350806713104248,
                0.0
            ],
            [
                -4.579676628112793,
                4.3759684562683105,
                0.0
            ],
            [
                -4.467741966247559,
                4.411290645599365,
                0.0
            ],
            [
                -4.211773872375488,
                4.475806713104248,
                0.0
            ],
            [
                -3.9919347763061523,
                4.524194240570068,
                0.0
            ],
            [
                -3.808548927307129,
                4.55645227432251,
                0.0
            ],
            [
                -3.661290168762207,
                4.572580814361572,
                0.0
            ],
            [
                -3.01822566986084,
                4.6572585105896,
                0.0
            ],
            [
                -2.443549156188965,
                4.717742443084717,
                0.0
            ],
            [
                -1.9375791549682617,
                4.754032611846924,
                0.0
            ],
            [
                -1.4999990463256836,
                4.766129970550537,
                0.0
            ],
            [
                -0.24048519134521484,
                4.735806941986084,
                0.0
            ],
            [
                0.8930635452270508,
                4.645162105560303,
                0.0
            ],
            [
                1.9006471633911133,
                4.493871212005615,
                0.0
            ],
            [
                2.7822580337524414,
                4.2822585105896,
                0.0
            ],
            [
                3.498387336730957,
                3.9888710975646973,
                0.0
            ],
            [
                4.0099992752075195,
                3.592742443084717,
                0.0
            ],
            [
                4.316937446594238,
                3.093710422515869,
                0.0
            ],
            [
                4.419354438781738,
                2.491936206817627,
                0.0
            ],
            [
                4.379033088684082,
                1.9566140174865723,
                0.0
            ],
            [
                4.258065223693848,
                1.4314522743225098,
                0.0
            ],
            [
                4.056450843811035,
                0.9162907600402832,
                0.0
            ],
            [
                3.77419376373291,
                0.41129064559936523,
                0.0
            ],
            [
                3.4041948318481445,
                -0.10483789443969727,
                0.0
            ],
            [
                2.9395151138305664,
                -0.6532254219055176,
                0.0
            ],
            [
                2.380002021789551,
                -1.2338709831237793,
                0.0
            ],
            [
                1.7258081436157227,
                -1.8467745780944824,
                0.0
            ],
            [
                1.3674211502075195,
                -2.14516019821167,
                0.0
            ],
            [
                0.9696779251098633,
                -2.4596762657165527,
                0.0
            ],
            [
                0.5327425003051758,
                -2.790322780609131,
                0.0
            ],
            [
                0.056450843811035156,
                -3.1370959281921387,
                0.0
            ],
            [
                -0.41387081146240234,
                -3.4617743492126465,
                0.0
            ],
            [
                -0.8327436447143555,
                -3.725806713104248,
                0.0
            ],
            [
                -1.200160026550293,
                -3.9295153617858887,
                0.0
            ],
            [
                -1.516127586364746,
                -4.072579860687256,
                0.0
            ],
            [
                -1.5091924667358398,
                -3.8911280632019043,
                0.0
            ],
            [
                -1.5040311813354492,
                -3.588710308074951,
                0.0
            ],
            [
                -1.5011281967163086,
                -3.165322780609131,
                0.0
            ],
            [
                -1.4999990463256836,
                -2.620967388153076,
                0.0
