{
    "CTL_PIVOT_Tip_LShape1": {
        "min": 0.0,
        "max": 90.0,
        "spans": 90,
        "degree": 1,
        "form": 0,
        "cv_len": 91,
        "cv_pose": [
            [
                1.5082812440712368,
                0.0,
                0.0
            ],
            [
                -1.5082812440712368,
                0.0,
                0.0
            ],
            [
                0.0,
                0.0,
                0.0
            ],
            [
                0.0,
                0.0,
                -2.0
            ],
            [
                0.0,
                0.0,
                2.0
            ],
            [
                0.0,
                0.0,
                0.0
            ],
            [
                0.0,
                1.8278086185455322,
                3.986687602264283e-08
            ],
            [
                -3.986687602264283e-08,
                -1.8278086185455322,
                -8.85222473604293e-24
            ],
            [
                0.0,
                0.0,
                0.0
            ],
            [
                7.123856782830006e-17,
                5.913512213908125e-17,
                -1.1634141206741333
            ],
            [
                2.993703287066601e-17,
                0.18184047937393188,
                -1.1483104228973389
            ],
            [
                -1.2052034759787414e-17,
                0.3589800298213959,
                -1.1049315929412842
            ],
            [
                -5.37371399849072e-17,
                0.5274674296379089,
                -1.035141944885254
            ],
            [
                -9.415207960094976e-17,
                0.6833972930908203,
                -0.9405585527420044
            ],
            [
                -1.3229354969933728e-16,
                0.8226583003997803,
                -0.822658360004425
            ],
            [
                -1.6699994385458399e-16,
                0.9405585527420044,
                -0.6833972930908203
            ],
            [
                -1.9754960323051902e-16,
                1.0351418256759644,
                -0.5274674892425537
            ],
            [
                -2.233629322980938e-16,
                1.1049317121505737,
                -0.35898005962371826
            ],
            [
                -2.4384156845452224e-16,
                1.1483101844787598,
                -0.18184050917625427
            ],
            [
                -2.5832990819862943e-16,
                1.163414478302002,
                -3.152093341896034e-08
            ],
            [
                -2.6611059403342983e-16,
                1.1483101844787598,
                0.1818404495716095
            ],
            [
                -2.673252922193517e-16,
                1.1049317121505737,
                0.3589800000190735
            ],
            [
                -2.6214573868645085e-16,
                1.0351418256759644,
                0.5274674296379089
            ],
            [
                -2.50691973885221e-16,
                0.9405585527420044,
                0.6833972334861755
            ],
            [
                -2.330401249017966e-16,
                0.8226583003997803,
                0.8226583003997803
            ],
            [
                -2.0933728430142429e-16,
                0.6833972930908203,
                0.9405585527420044
            ],
            [
                -1.8050546068208018e-16,
                0.5274674296379089,
                1.0351418256759644
            ],
            [
                -1.47367136270438e-16,
                0.3589800298213959,
                1.1049315929412842
            ],
            [
                -1.1069041774842468e-16,
                0.18184047937393188,
                1.1483101844787598
            ],
            [
                -7.123859429807966e-17,
                1.9386137362399003e-17,
                1.163414478302002
            ],
            [
                -2.993702294449866e-17,
                -0.18184047937393188,
                1.1483101844787598
            ],
            [
                1.2052028969523126e-17,
                -0.3589800298213959,
                1.1049315929412842
            ],
            [
                5.373714329362965e-17,
                -0.5274674296379089,
                1.0351418256759644
            ],
            [
                9.415207960094976e-17,
                -0.6833972930908203,
                0.9405585527420044
            ],
            [
                1.3229354969933728e-16,
                -0.8226583003997803,
                0.8226583003997803
            ],
            [
                1.6699994385458399e-16,
                -0.9405585527420044,
                0.6833972334861755
            ],
            [
                1.9754960323051902e-16,
                -1.0351418256759644,
                0.5274674296379089
            ],
            [
                2.233629322980938e-16,
                -1.1049317121505737,
                0.3589800000190735
            ],
            [
                2.4384156845452224e-16,
                -1.1483101844787598,
                0.1818404495716095
            ],
            [
                2.5832990819862943e-16,
                -1.163414478302002,
                -3.152093341896034e-08
            ],
            [
                2.6611059403342983e-16,
                -1.1483101844787598,
                -0.18184050917625427
            ],
            [
                2.673252922193517e-16,
                -1.1049317121505737,
                -0.35898005962371826
            ],
            [
                2.6214573868645085e-16,
                -1.0351418256759644,
                -0.5274674892425537
            ],
            [
                2.50691973885221e-16,
                -0.9405585527420044,
                -0.6833972930908203
            ],
            [
                2.330401249017966e-16,
                -0.8226583003997803,
                -0.822658360004425
            ],
            [
                2.0933728430142429e-16,
                -0.6833972930908203,
                -0.9405585527420044
            ],
            [
                1.8050546068208018e-16,
                -0.5274674296379089,
                -1.035141944885254
            ],
            [
                1.473671230355482e-16,
                -0.3589800298213959,
                -1.1049315929412842
            ],
            [
                1.1069043098331448e-16,
                -0.18184047937393188,
                -1.1483104228973389
            ],
            [
                7.123856782830006e-17,
                5.913512213908125e-17,
                -1.1634141206741333
            ],
            [
                8.575959775021534e-17,
                6.416808603254789e-17,
                -1.4005604982376099
            ],
            [
                3.6039299759424854e-17,
                0.2189062386751175,
                -1.3823782205581665
            ],
            [
                -1.45086817697311e-17,
                0.4321533143520355,
                -1.3301571607589722
            ],
            [
                -6.46907384482283e-17,
                0.6349846720695496,
                -1.246141791343689
            ],
            [
                -1.1334372860336407e-16,
                0.822698712348938,
                -1.1322789192199707
            ],
            [
                -1.592598229570232e-16,
                0.9903462529182434,
                -0.9903463125228882
            ],
            [
                -2.0104064952262762e-16,
                1.1322789192199707,
                -0.822698712348938
            ],
            [
                -2.3781744366387005e-16,
                1.246141791343689,
