{
    "curveShape1": {
        "min": 0.0,
        "max": 11.0,
        "spans": 11,
        "degree": 3,
        "form": 2,
        "cv_len": 11,
        "cv_pose": [
            [
                0.011183907455149094,
                0.0,
                1.0
            ],
            [
                -0.14430789729978435,
                0.0,
                0.6715453092914856
            ],
            [
                -0.44834169339879915,
                0.0,
                0.45049614988103925
            ],
            [
                -0.8014507879729426,
                0.0,
                0.03965076026878583
            ],
            [
                -0.6838710945553851,
                0.0,
                -0.4849557929828228
            ],
            [
                0.0,
                0.0,
                -0.84974385386908
            ],
            [
                0.6838710945553851,
                0.0,
                -0.4849557929828228
            ],
            [
                0.8026667347119638,
                0.0,
                0.04258631432330168
            ],
            [
                0.4471257470431686,
                0.0,
                0.4519880044983015
            ],
            [
                0.15133556947849827,
                0.0,
                0.6701336570512989
            ],
            [
                0.011183907455149094,
                0.0,
                1.0
            ]
        ]
    }
}