{
    "curveShape1": {
        "degree": 3, 
        "form": 0, 
        "min": 0.0, 
        "max": 14.0, 
        "spans": 14, 
        "cv_len": 17, 
        "cv_pose": [
            [
                0.0, 
                0.0, 
                0.0
            ], 
            [
                0.0, 
                0.0, 
                0.0
            ], 
            [
                -3.1007365540384714e-16, 
                0.0, 
                -0.6982237994670868
            ], 
            [
                -3.1007365540384714e-16, 
                0.0, 
                -0.6982237994670868
            ], 
            [
                -4.440892098500626e-16, 
                0.0, 
                -1.0
            ], 
            [
                -4.440892098500626e-16, 
                0.0, 
                -1.0
            ], 
            [
                -4.440892098500626e-16, 
                0.0, 
                -1.0
            ], 
            [
                -4.4080965771735703e-16, 
                0.04662701115012169, 
                -0.9926151051186025
            ], 
            [
                -4.3129190107479656e-16, 
                0.08868984133005142, 
                -0.9711830224841833
            ], 
            [
                -4.1646764245675097e-16, 
                0.12207109481096268, 
                -0.9378017596900463
            ], 
            [
                -3.9778799012936616e-16, 
                0.14350317418575287, 
                -0.895738922059536
            ], 
            [
                -3.770814392443998e-16, 
                0.15088815987110138, 
                -0.8491119146347046
            ], 
            [
                -3.5637488505071096e-16, 
                0.14350315928459167, 
                -0.8024848997592926
            ], 
            [
                -3.3769524761257717e-16, 
                0.12207107245922089, 
                -0.760422095656395
            ], 
            [
                -3.2287099974787954e-16, 
                0.08868981897830963, 
                -0.7270408570766449
            ], 
            [
                -3.133532478616076e-16, 
                0.0466269925236702, 
                -0.7056087851524353
            ], 
            [
                -3.1007365540384714e-16, 
                0.0, 
                -0.6982237994670868
            ]
        ]
    }
}