{
    "Cn_global_CTRLShape": {
        "min": 0.0,
        "max": 67.0,
        "spans": 67,
        "degree": 1,
        "form": 0,
        "cv_len": 68,
        "cv_pose": [
            [
                -5.662333827193395e-07,
                1.0387161022257909e-25,
                0.6090739912319072
            ],
            [
                -0.16685275710253045,
                4.086713923547264e-17,
                0.5797420346027802
            ],
            [
                -0.32839736309243767,
                8.043415960373518e-17,
                0.49148168571288803
            ],
            [
                -0.49148147419737104,
                1.203782455349008e-16,
                0.3283976380626098
            ],
            [
                -0.5797420346027802,
                1.419958508039851e-16,
                0.11531796377045588
            ],
            [
                -0.5797420769058834,
                1.4199586019716096e-16,
                -0.1153178580126973
            ],
            [
                -0.49148168571288803,
                1.2037829250078024e-16,
                -0.32839734194088593
            ],
            [
                -0.32839757460795477,
                8.043420656961458e-17,
                -0.4914815588035779
            ],
            [
                -0.11531786858847319,
                2.8244730380873394e-17,
                -0.5797420346027802
            ],
            [
                0.11531781570959393,
                -2.824471863940354e-17,
                -0.5797421192089871
            ],
            [
                0.32839742654709275,
                -8.043416899691104e-17,
                -0.4914816434097847
            ],
            [
                0.4914815588035779,
                -1.2037826432125258e-16,
                -0.328397490001748
            ],
            [
                0.5797420769058834,
                -1.419958508039851e-16,
                -0.11531791089157659
            ],
            [
                0.5797420769058834,
                -1.419958508039851e-16,
                0.11531784743692149
            ],
            [
                0.4914815588035779,
                -1.2037826432125258e-16,
                0.328397490001748
            ],
            [
                0.3283974688501963,
                -8.043418778326284e-17,
                0.4914815588035779
            ],
            [
                0.16685277825408215,
                -4.086714393206058e-17,
                0.5797420346027802
            ],
            [
                -5.662333827193395e-07,
                1.0387161022257909e-25,
                0.6090739912319072
            ],
            [
                -3.2050326768489055e-07,
                1.2109173796585736e-18,
                0.9912572332738838
            ],
            [
                -0.12441227436548732,
                1.0387161022257909e-25,
                0.9912574024862973
            ],
            [
                -0.1753081956541076,
                4.293812786791334e-17,
                0.8857037987415395
            ],
            [
                -0.22620412751850363,
                5.540403232252979e-17,
                0.7801502796029888
            ],
            [
                -0.3916989021227349,
                9.593856389655588e-17,
                0.7116001310781161
            ],
            [
                -0.5023253248158529,
                1.230342223750137e-16,
                0.7502489232019804
            ],
            [
                -0.6129518321151782,
                1.501298996398232e-16,
                0.7888977153258446
            ],
            [
                -0.7888972922948104,
                1.932240904284529e-16,
                0.6129522551462123
            ],
            [
                -0.7502485001709464,
                1.8375789199564194e-16,
                0.5023258324530938
            ],
            [
                -0.711599792653289,
                1.7429167477647918e-16,
                0.39169928285066546
            ],
            [
                -0.7801500257843683,
                1.9108163851389052e-16,
                0.2262045082464343
            ],
            [
                -0.885703629529126,
                2.1693481465235936e-16,
                0.17530858695781407
            ],
            [
                -0.991257148667677,
                2.3437596970106975e-16,
                0.1244126656691939
            ],
            [
                -0.9912573178800905,
                2.3437596970106975e-16,
                -0.12441200997109103
            ],
            [
                -0.8857037987415395,
                2.1484464515476453e-16,
                -0.1753079947143663
            ],
            [
                -0.7801502796029888,
                1.9531330182210753e-16,
                -0.22620397945764167
            ],
            [
                -0.7116001310781161,
                1.5625064333632125e-16,
                -0.3916988598196314
            ],
            [
                -0.7502488385957735,
                1.5625064333632125e-16,
                -0.5023253248158529
            ],
            [
                -0.7888976307196376,
                1.5625064333632125e-16,
                -0.6129518321151782
            ],
            [
                -0.6129521705400053,
                1.5625064333632125e-16,
                -0.7888972922948104
            ],
            [
                -0.5023256209375769,
                1.5625064333632125e-16,
                -0.7502485847771532
            ],
            [
                -0.39169911363825183,
                7.812532166816062e-17,
                -0.7115998772594959
            ],
            [
                -0.22620431788246895,
                7.812532166816062e-17,
                -0.7801501103905749
            ],
            [
                -0.1753084071696246,
                7.812532166816062e-17,
                -0.885703629529126
            ],
            [
                -0.12441248588100437,
                1.0387161022257909e-25,
                -0.9912572332738838
            ],
            [
                0.12441212630462542,
                -3.906266083408031e-17,
                -0.9912574024862973
            ],
            [
                0.17530808989634902,
                -4.293809968838569e-17,
                -0.8857037987415395
            ],
            [
                0.2262040429122968,
                -5.540401353617802e-17,
                -0.7801502796029888
            ],
            [
                0.3916988598196314,
                -9.593855450337999e-17,
                -0.7116000464719093
            ],
            [
                0.5023253671189564,
                -1.230342223750137e-16,
                -0.7502488385957735
            ],
            [
                0.6129518744182814,
                -1.501298996398232e-16,
                -0.7888975461134308
            ],
            [
                0.7888973769010174,
                -1.932241467875082e-16,
                -0.6129520013275916
            ],
            [
                0.7502486693833599,
                -1.8375792956834542e-16,
                -0.50232553633137
            ],
            [
                0.7115999618657026,
                -1.742917123491827e-16,
                -0.3916989867289416
            ],
            [
                0.7801501949967817,
                -1.9108165730024234e-16,
                -0.22620419097315875
            ],
            [
                0.8857037141353328,
                -2.1693483343871112e-16,
                -0.17530828026031434
            ],
            [
                0.9912572332738838,
                -2.4278799079082814e-16,
                -0.12441235897169414
            ],
            [
