{
    "curveShape1": {
        "degree": 3, 
        "form": 0, 
        "min": 0.0, 
        "max": 29.0, 
        "spans": 29, 
        "cv_len": 32, 
        "cv_pose": [
            [
                -1.000000238418579, 
                0.0, 
                0.0
            ], 
            [
                -1.000000238418579, 
                0.0, 
                0.0
            ], 
            [
                -1.000000238418579, 
                0.07139962166547775, 
                3.170780156901543e-17
            ], 
            [
                -1.000000238418579, 
                0.07139962166547775, 
                3.170780156901543e-17
            ], 
            [
                -0.9510567784309387, 
                0.07139962166547775, 
                -0.3090170621871948
            ], 
            [
                -0.8090171813964844, 
                0.07139962166547775, 
                -0.5877853631973267
            ], 
            [
                -0.5877853631973267, 
                0.07139962166547775, 
                -0.8090171217918396
            ], 
            [
                -0.3090170621871948, 
                0.07139962166547775, 
                -0.9510566592216492
            ], 
            [
                -2.9802322387695312e-08, 
                0.07139962166547775, 
                -1.0000001192092896
            ], 
            [
                0.30901697278022766, 
                0.07139962166547775, 
                -0.9510565996170044
            ], 
            [
                0.5877852439880371, 
                0.07139962166547775, 
                -0.8090170621871948
            ], 
            [
                0.80901700258255, 
                0.07139962166547775, 
                -0.5877853035926819
            ], 
            [
                0.9510565400123596, 
                0.07139962166547775, 
                -0.30901700258255005
            ], 
            [
                1.0, 
                0.07139962166547775, 
                3.170780156901543e-17
            ], 
            [
                1.0, 
                0.07139962166547775, 
                3.170780156901543e-17
            ], 
            [
                1.0, 
                0.0, 
                0.0
            ], 
            [
                1.0, 
                0.0, 
                0.0
            ], 
            [
                1.0, 
                -0.07139962166547775, 
                -3.170780156901543e-17
            ], 
            [
                1.0, 
                -0.07139962166547775, 
                -3.170780156901543e-17
            ], 
            [
                0.9510565400123596, 
                -0.07139962166547775, 
                -0.30901700258255005
            ], 
            [
                0.80901700258255, 
                -0.07139962166547775, 
                -0.5877853035926819
            ], 
            [
                0.5877852439880371, 
                -0.07139962166547775, 
                -0.8090170621871948
            ], 
            [
                0.30901697278022766, 
                -0.07139962166547775, 
                -0.9510565996170044
            ], 
            [
                -2.9802322387695312e-08, 
                -0.07139962166547775, 
                -1.0000001192092896
            ], 
            [
                -0.3090170621871948, 
                -0.07139962166547775, 
                -0.9510566592216492
            ], 
            [
                -0.5877853631973267, 
                -0.07139962166547775, 
                -0.8090171217918396
            ], 
            [
                -0.8090171813964844, 
                -0.07139962166547775, 
                -0.5877853631973267
            ], 
            [
                -0.9510567784309387, 
                -0.07139962166547775, 
                -0.3090170621871948
            ], 
            [
                -1.000000238418579, 
                -0.07139962166547775, 
                -3.170780156901543e-17
            ], 
            [
                -1.000000238418579, 
                -0.07139962166547775, 
                -3.170780156901543e-17
            ], 
            [
                -1.000000238418579, 
                0.0, 
                0.0
            ], 
            [
                -1.000000238418579, 
                0.0, 
                0.0
            ]
        ]
    }
}