{
    "curveShape3": {
        "min": 0.0,
        "max": 60.0,
        "spans": 60,
        "degree": 1,
        "form": 0,
        "cv_len": 61,
        "cv_pose": [
            [
                0.0,
                -0.5,
                0.0
            ],
            [
                0.0,
                -0.5732232500000009,
                -0.17677674999999995
            ],
            [
                0.0,
                -0.7500000000000007,
                -0.25
            ],
            [
                0.0,
                -0.9267767500000004,
                -0.17677674999999995
            ],
            [
                0.0,
                -1.0,
                0.0
            ],
            [
                0.0,
                -0.9267767500000004,
                0.17677674999999995
            ],
            [
                0.0,
                -0.7500000000000007,
                0.25
            ],
            [
                0.0,
                -0.5732232500000009,
                0.17677674999999995
            ],
            [
                0.0,
                -0.5,
                0.0
            ],
            [
                0.0,
                -0.5732232500000009,
                0.17677674999999995
            ],
            [
                0.0,
                -0.9267767500000004,
                -0.17677674999999995
            ],
            [
                0.0,
                -1.0,
                0.0
            ],
            [
                0.0,
                -0.9267767500000004,
                0.17677674999999995
            ],
            [
                0.0,
                -0.5732232500000009,
                -0.17677674999999995
            ],
            [
                0.0,
                -0.5,
                0.0
            ],
            [
                0.0,
                0.0,
                0.0
            ],
            [
                0.0,
                0.5,
                0.0
            ],
            [
                0.0,
                0.5732232500000009,
                0.17677674999999995
            ],
            [
                0.0,
                0.7500000000000007,
                0.25
            ],
            [
                0.0,
                0.9267767500000004,
                0.17677674999999995
            ],
            [
                0.0,
                1.0,
                0.0
            ],
            [
                0.0,
                0.9267767500000004,
                -0.17677674999999995
            ],
            [
                0.0,
                0.7500000000000007,
                -0.25
            ],
            [
                0.0,
                0.5732232500000009,
                -0.17677674999999995
            ],
            [
                0.0,
                0.5,
                0.0
            ],
            [
                0.0,
                0.5732232500000009,
                0.17677674999999995
            ],
            [
                0.0,
                0.9267767500000004,
                -0.17677674999999995
            ],
            [
                0.0,
                1.0,
                0.0
            ],
            [
                0.0,
                0.9267767500000004,
                0.17677674999999995
            ],
            [
                0.0,
                0.5732232500000009,
                -0.17677674999999995
            ],
            [
                0.0,
                0.5,
                0.0
            ],
            [
                0.0,
                0.0,
                0.0
            ],
            [
                0.0,
                0.0,
                0.5
            ],
            [
                0.0,
                -0.17677674999999995,
                0.5732232500000009
            ],
            [
                0.0,
                -0.25,
                0.7500000000000007
            ],
            [
                0.0,
                -0.17677674999999995,
                0.9267767500000004
            ],
            [
                0.0,
                0.0,
                1.0
            ],
            [
                0.0,
                0.17677674999999995,
                0.9267767500000004
            ],
            [
                0.0,
                0.25,
                0.7500000000000007
            ],
            [
                0.0,
                0.17677674999999995,
                0.5732232500000009
            ],
            [
                0.0,
                0.0,
                0.5
            ],
            [
                0.0,
                0.17677674999999995,
                0.5732232500000009
            ],
            [
                0.0,
                -0.17677674999999995,
                0.9267767500000004
            ],
            [
                0.0,
                0.0,
                1.0
            ],
            [
                0.0,
                0.17677674999999995,
                0.9267767500000004
            ],
            [
                0.0,
                -0.17677674999999995,
                0.5732232500000009
            ],
            [
                0.0,
                0.0,
                0.5
            ],
            [
                0.0,
                0.0,
                -0.5
            ],
            [
                0.0,
                -0.17677674999999995,
                -0.5732232500000009
            ],
            [
                0.0,
                -0.25,
                -0.7500000000000007
            ],
            [
                0.0,
                -0.17677674999999995,
                -0.9267767500000004
            ],
            [
                0.0,
                0.0,
                -1.0
            ],
            [
                0.0,
                0.17677674999999995,
                -0.9267767500000004
            ],
            [
                0.0,
                0.25,
                -0.7500000000000007
            ],
            [
                0.0,
                0.17677674999999995,
                -0.5732232500000009
            ],
            [
                0.0,
                0.0,
                -0.5
            ],
            [
                0.0,
                0.17677674999999995,
                -0.5732232500000009
            ],
            [
                0.0,
                -0.17677674999999995,
                -0.9267767500000004
            ],
            [
                0.0,
                0.0,
                -1.0
            ],
            [
                0.0,
                0.17677674999999995,
                -0.9267767500000004
            ],
            [
                0.0,
                -0.17677674999999995,
                -0.5732232500000009
            ]
        ]
    }
}