{
    "CTL_Manager_LShape": {
        "min": 0.0,
        "max": 110.0,
        "spans": 110,
        "degree": 3,
        "form": 0,
        "cv_len": 113,
        "cv_pose": [
            [
                0.09972019840582647,
                0.0,
                0.05719701306041003
            ],
            [
                0.09972135737817212,
                0.0,
                0.7888276858061047
            ],
            [
                0.4494859659379955,
                0.0,
                1.6736144163913274
            ],
            [
                0.8408339429276097,
                0.0,
                2.3031742054615805
            ],
            [
                1.4703937319978664,
                0.0,
                2.983779382834822
            ],
            [
                2.3211502037144314,
                0.0,
                3.3921424892587666
            ],
            [
                3.0357856399563232,
                0.0,
                3.596324042470748
            ],
            [
                3.529224393551935,
                -5.684341886080802e-14,
                3.8515509839857103
            ],
            [
                4.03967827658186,
                0.0,
                4.29394434927832
            ],
            [
                4.533117030177465,
                0.0,
                4.685292326267934
            ],
            [
                5.0095406543387355,
                0.0,
                5.195746209297866
            ],
            [
                5.3668583724596886,
                -2.842170943040401e-14,
                5.161715950429205
            ],
            [
                5.826266867186618,
                0.0,
                4.85544362061124
            ],
            [
                5.962387902661291,
                0.0,
                4.447080514187299
            ],
            [
                5.945372773226936,
                -2.842170943040401e-14,
                4.02170227832903
            ],
            [
                5.775221478883651,
                0.0,
                3.6643845602080702
            ],
            [
                5.451934019631331,
                0.0,
                3.239006324349795
            ],
            [
                5.145661689813373,
                0.0,
                3.0178096417034865
            ],
            [
                4.856404489429778,
                0.0,
                2.8462314697963897
            ],
            [
                4.894722685967231,
                0.0,
                2.8462313898463663
            ],
            [
                5.494023787969816,
                0.0,
                2.8462313399046053
            ],
            [
                6.914890711512541,
                0.0,
                2.8462311009525685
            ],
            [
                8.023375330375899,
                -2.842170943040401e-14,
                2.84623126044675
            ],
            [
                8.374262547857782,
                -2.842170943040401e-14,
                2.835763803442674
            ],
            [
                8.733124474827953,
                0.0,
                2.6603201947017183
            ],
            [
                8.932492212033573,
                0.0,
                2.3891800721020537
            ],
            [
                8.992587594650253,
                -2.842170943040401e-14,
                2.16816636098784
            ],
            [
                8.962966911253439,
                0.0,
                1.7480711426648696
            ],
            [
                8.772998022269071,
                0.0,
                1.4960126094208093
            ],
            [
                8.494674554795942,
                -2.842170943040401e-14,
                1.2758497717253512
            ],
            [
                8.095932562623254,
                0.0,
                1.2758496937068102
            ],
            [
                8.095929611165666,
                0.0,
                1.2758496937065829
            ],
            [
                7.377743785430184,
                0.0,
                1.2758496937065793
            ],
            [
                6.881899597315503,
                0.0,
                1.2758496937065757
            ],
            [
                6.212903151924387,
                0.0,
                1.2758496937065829
            ],
            [
                5.724929274109705,
                2.842170943040401e-14,
                1.2758495680934345
            ],
            [
                6.212903151924394,
                0.0,
                1.2758490368276298
            ],
            [
                6.881899597315481,
                -2.842170943040401e-14,
                1.2758490368276298
            ],
            [
                7.377744257662933,
                0.0,
                1.2758490368276298
            ],
            [
                8.095929611171186,
                -2.842170943040401e-14,
                1.275849036827637
            ],
            [
                8.095932877445101,
                0.0,
                1.2758490368276263
            ],
            [
                8.494674411127626,
                0.0,
                1.2758490368276227
            ],
            [
                9.077782047481591,
                -2.842170943040401e-14,
                1.2391049502449327
            ],
            [
                9.329274328399798,
                0.0,
                1.1813130405607808
            ],
            [
                9.55752017447444,
                0.0,
                1.0396432050661915
            ],
            [
                9.746778492872714,
                0.0,
                0.8121277678025756
            ],
            [
                9.809742864203635,
                -2.842170943040401e-14,
                0.6003534233717005
            ],
            [
                9.79569550467086,
                -2.842170943040401e-14,
                0.2633807450899539
            ],
            [
                9.717812652681921,
                -2.842170943040401e-14,
                0.06647387234999158
            ],
            [
                9.551594515193202,
                0.0,
                -0.13406430627118837
            ],
            [
                9.337510079221687,
                0.0,
                -0.25826654482319356
            ],
            [
                9.132875872396163,
                -2.842170943040401e-14,
                -0.3216992475266274
            ],
            [
                8.888888933488808,
                0.0,
                -0.3566481782601727
            ],
            [
                8.499296610409587,
                0.0,
                -0.3566481782601727
            ],
            [
                7.975905234368504,
                -2.842170943040401e-14,
                -0.3566481782601727
            ],
            [
                7.381678861874704,
                -2.842170943040401e-14,
                -0.3566481782601798
            ],
            [
                6.936993107408213,
                -2.842170943040401e-14,
                -0.3566481782601727
            ],
            [
                6.299478847682565,
                -2.842170943040401e-14,
                -0.35664817826016915
            ],
            [
                5.709188574804301,
                -2.842170943040401e-14,
                -0.3566481782601727
            ],
            [
                5.496683270624196,
                0.0,
                -0.3566481782601798
            ],
            [
                5.496683585446014,
                0.0,
                -0.35664904401553343
            ],
            [
                5.709187787749677,
                2.842170943040401e-14,
