{
    "CTL_IK_Hand_LShape": {
        "min": 0.0,
        "max": 7.0,
        "spans": 7,
        "degree": 1,
        "form": 0,
        "cv_len": 8,
        "cv_pose": [
            [
                -1.4210854715202004e-14,
                -1.4210854715202004e-14,
                -8.711755919633834
            ],
            [
                -2.842170943040401e-14,
                -1.4210854715202004e-14,
                8.711755919633834
            ],
            [
                -1.4210854715202004e-14,
                -1.4210854715202004e-14,
                -4.440892098500626e-15
            ],
            [
                8.711755919633802,
                -4.263256414560601e-14,
                4.440892098500626e-15
            ],
            [
                -8.711755919633873,
                -1.4210854715202004e-14,
                4.440892098500626e-15
            ],
            [
                -1.4210854715202004e-14,
                -1.4210854715202004e-14,
                -4.440892098500626e-15
            ],
            [
                -2.842170943040401e-14,
                8.711755919633774,
                0.0
            ],
            [
                -1.4210854715202004e-14,
                -8.711755919633873,
                3.9968028886505635e-15
            ]
        ]
    },
    "CTL_IK_Hand_LShape1": {
        "min": 0.0,
        "max": 74.911688,
        "spans": 12,
        "degree": 1,
        "form": 0,
        "cv_len": 13,
        "cv_pose": [
            [
                -8.861291426353645,
                -2.160000000000039,
                2.16
            ],
            [
                -8.861291426353645,
                -2.160000000000039,
                -2.1599999999999966
            ],
            [
                -8.861291426353617,
                2.1599999999999966,
                -2.160000000000001
            ],
            [
                -8.861291426353631,
                2.159999999999954,
                2.1600000000000006
            ],
            [
                -8.861291426353645,
                -2.160000000000039,
                2.16
            ],
            [
                -15.027206274702934,
                -7.949501029713701e-05,
                7.949501023318817e-05
            ],
            [
                -8.861291426353645,
                -2.160000000000039,
                -2.1599999999999966
            ],
            [
                -8.861291426353617,
                2.1599999999999966,
                -2.160000000000001
            ],
            [
                -15.027206039428734,
                -7.949500870552129e-05,
                7.949500868997816e-05
            ],
            [
                -8.861291426353631,
                2.159999999999954,
                2.1600000000000006
            ],
            [
                -8.861291426353645,
                -2.160000000000039,
                2.16
            ],
            [
                -15.027206039428734,
                -7.949500870552129e-05,
                7.949500868997816e-05
            ],
            [
                -8.861291426353645,
                -2.160000000000039,
                -2.1599999999999966
            ]
        ]
    },
    "CTL_IK_Hand_LShape2": {
        "min": 0.0,
        "max": 74.911688,
        "spans": 12,
        "degree": 1,
        "form": 0,
        "cv_len": 13,
        "cv_pose": [
            [
                8.859328568705479,
                -2.160000000000039,
                -2.16
            ],
            [
                8.859328568705465,
                -2.160000000000039,
                2.1599999999999966
            ],
            [
                8.859328568705479,
                2.1599999999999966,
                2.1599999999999966
            ],
            [
                8.859328568705465,
                2.159999999999954,
                -2.1599999999999957
            ],
            [
                8.859328568705479,
                -2.160000000000039,
                -2.16
            ],
            [
                15.025243417054782,
                -7.94950102687153e-05,
                7.949501023718497e-05
            ],
            [
                8.859328568705465,
                -2.160000000000039,
                2.1599999999999966
            ],
            [
                8.859328568705479,
                2.1599999999999966,
                2.1599999999999966
            ],
            [
                15.025243417054782,
                -7.94950102687153e-05,
                7.949501023718497e-05
            ],
            [
                8.859328568705465,
                2.159999999999954,
                -2.1599999999999957
            ],
            [
                8.859328568705479,
                -2.160000000000039,
                -2.16
            ],
            [
                15.025243417054782,
                -7.94950102687153e-05,
                7.949501023718497e-05
            ],
            [
                8.859328568705465,
                -2.160000000000039,
                2.1599999999999966
            ]
        ]
    },
    "CTL_IK_Hand_LShape3": {
        "min": 0.0,
        "max": 74.911688,
        "spans": 12,
        "degree": 1,
        "form": 0,
        "cv_len": 13,
        "cv_pose": [
            [
                -2.1599999999999966,
                -2.1600000000000676,
                -8.861291426353603
            ],
            [
                2.1599999999999824,
                -2.1600000000000676,
                -8.861291426353606
            ],
            [
                2.1599999999999824,
                2.1599999999999255,
                -8.8612914263536
            ],
            [
                -2.160000000000011,
                2.1599999999999966,
                -8.861291426353606
            ],
            [
                -2.1599999999999966,
                -2.1600000000000676,
                -8.861291426353603
            ],
            [
                7.949501019766103e-05,
                -7.949501028292616e-05,
                -15.027206274702916
            ],
            [
                2.1599999999999824,
                -2.1600000000000676,
                -8.861291426353606
            ],
            [
                2.1599999999999824,
                2.1599999999999255,
                -8.8612914263536
            ],
            [
                7.949501019766103e-05,
                -7.949501028292616e-05,
                -15.027206274702916
            ],
            [
                -2.160000000000011,
                2.1599999999999966,
                -8.861291426353606
            ],
            [
                -2.1599999999999966,
                -2.1600000000000676,
                -8.861291426353603
            ],
            [
                7.949501019766103e-05,
                -7.949501028292616e-05,
                -15.027206274702916
            ],
            [
                2.1599999999999824,
                -2.1600000000000676,
                -8.861291426353606
            ]
        ]
    },
    "CTL_IK_Hand_LShape4": {
        "min": 0.0,
        "max": 74.911688,
        "spans": 12,
        "degree": 1,
        "form": 0,
        "cv_len": 13,