{
    "polyToCurveShape40": {
        "min": 0.0,
        "max": 99.0,
        "spans": 99,
        "degree": 1,
        "form": 2,
        "cv_len": 99,
        "cv_pose": [
            [
                -2.81451416015625,
                5.177419662475586,
                0.0
            ],
            [
                -2.902740478515625,
                5.169354438781738,
                0.0
            ],
            [
                -2.9899978637695312,
                5.145162582397461,
                0.0
            ],
            [
                -3.0761260986328125,
                5.104678153991699,
                0.0
            ],
            [
                -3.1612930297851562,
                5.048386573791504,
                0.0
            ],
            [
                -3.2354812622070312,
                4.9777421951293945,
                0.0
            ],
            [
                -3.2883834838867188,
                4.8951616287231445,
                0.0
            ],
            [
                -3.320159912109375,
                4.800322532653809,
                0.0
            ],
            [
                -3.3306427001953125,
                4.693549156188965,
                0.0
            ],
            [
                -3.3191909790039062,
                4.570000648498535,
                0.0
            ],
            [
                -3.2843551635742188,
                4.296290397644043,
                0.0
            ],
            [
                -3.2264480590820312,
                3.872420310974121,
                0.0
            ],
            [
                -3.1451644897460938,
                3.2983875274658203,
                0.0
            ],
            [
                -3.0640335083007812,
                2.5830650329589844,
                0.0
            ],
            [
                -3.0061264038085938,
                1.7358064651489258,
                0.0
            ],
            [
                -2.9712905883789062,
                0.7564516067504883,
                0.0
            ],
            [
                -2.9596786499023438,
                -0.35483837127685547,
                0.0
            ],
            [
                -2.9608078002929688,
                -1.8064517974853516,
                0.0
            ],
            [
                -2.9637069702148438,
                -2.967741012573242,
                0.0
            ],
            [
                -2.9688720703125,
                -3.8387088775634766,
                0.0
            ],
            [
                -2.9758071899414062,
                -4.419355392456055,
                0.0
            ],
            [
                -2.9954833984375,
                -4.428064346313477,
                0.0
            ],
            [
                -3.0222549438476562,
                -4.437580108642578,
                0.0
            ],
            [
                -3.05596923828125,
                -4.448225021362305,
                0.0
            ],
            [
                -3.096771240234375,
                -4.459676742553711,
                0.0
            ],
            [
                -3.1401596069335938,
                -4.473871231079102,
                0.0
            ],
            [
                -3.1814498901367188,
                -4.491935729980469,
                0.0
            ],
            [
                -3.2208099365234375,
                -4.514194488525391,
                0.0
            ],
            [
                -3.2580642700195312,
                -4.540323257446289,
                0.0
            ],
            [
                -3.2898406982421875,
                -4.57209587097168,
                0.0
            ],
            [
                -3.3125839233398438,
                -4.610967636108398,
                0.0
            ],
            [
                -3.3261260986328125,
                -4.656774520874023,
                0.0
            ],
            [
                -3.3306427001953125,
                -4.709676742553711,
                0.0
            ],
            [
                -3.3241958618164062,
                -4.78338623046875,
                0.0
            ],
            [
                -3.3045196533203125,
                -4.8588714599609375,
                0.0
            ],
            [
                -3.2717742919921875,
                -4.936613082885742,
                0.0
            ],
            [
                -3.2258071899414062,
                -5.0161285400390625,
                0.0
            ],
            [
                -3.17193603515625,
                -5.086774826049805,
                0.0
            ],
            [
                -3.1149978637695312,
                -5.137096405029297,
                0.0
            ],
            [
                -3.0550003051757812,
                -5.16741943359375,
                0.0
            ],
            [
                -2.9919357299804688,
                -5.177419662475586,
                0.0
            ],
            [
                -1.9919357299804688,
                -5.096775054931641,
                0.0
            ],
            [
                -0.07257843017578125,
                -4.935483932495117,
                0.0
            ],
            [
                2.7016143798828125,
                -4.725807189941406,
                0.0
            ],
            [
                2.8259658813476562,
                -4.710805892944336,
                0.0
            ],
            [
                2.9414520263671875,
                -4.681451797485352,
                0.0
            ],
            [
                3.0477447509765625,
                -4.638225555419922,
                0.0
            ],
            [
                3.1451644897460938,
                -4.580644607543945,
                0.0
            ],
            [
                3.226287841796875,
                -4.511129379272461,
                0.0
            ],
            [
                3.2841949462890625,
                -4.431451797485352,
                0.0
            ],
            [
                3.31903076171875,
                -4.341773986816406,
                0.0
            ],
            [
                3.3306427001953125,
                -4.241935729980469,
                0.0
            ],
            [
                3.3275833129882812,
                -4.133064270019531,
                0.0
            ],
            [
                3.3185501098632812,
                -4.032257080078125,
                0.0
            ],
            [
                3.3033905029296875,
                -3.939516067504883,
                0.0
            ],
            [
                3.282257080078125,
                -3.854839324951172,
                0.0
            ],
            [
                3.25,
                -3.7843551635742188,
                0.0
            ],
            [
                3.2016143798828125,
                -3.7338714599609375,
                0.0
            ],
            [
                3.1371002197265625,
                -3.7037105560302734,
                0.0
            ],
            [
                3.0564498901367188,
                -3.6935482025146484,
                0.0
            ],
            [
                2.9122543334960938,
                -3.7046775817871094,
                0.0
            ],
            [
                2.6733856201171875,
                -3.737903594970703,
                0.0
            ],
            [
                2.3396759033203125,
                -3.793386459350586,
                0.0
            ],
            [
                1.9112930297851562,
                -3.8709678649902344,
                0.0
            ],
            [
                1.3375778198242188,
