{
    "polyToCurveShape42": {
        "min": 0.0,
        "max": 146.0,
        "spans": 146,
        "degree": 1,
        "form": 2,
        "cv_len": 146,
        "cv_pose": [
            [
                3.0806503295898438,
                4.879032135009766,
                0.0
            ],
            [
                2.7770919799804688,
                4.840644836425781,
                0.0
            ],
            [
                2.5604782104492188,
                4.72580623626709,
                0.0
            ],
            [
                2.4303207397460938,
                4.534193992614746,
                0.0
            ],
            [
                2.3870925903320312,
                4.2661285400390625,
                0.0
            ],
            [
                2.3920974731445312,
                4.140000343322754,
                0.0
            ],
            [
                2.4072647094726562,
                3.939516067504883,
                0.0
            ],
            [
                2.4324111938476562,
                3.6641931533813477,
                0.0
            ],
            [
                2.4677352905273438,
                3.314516067504883,
                0.0
            ],
            [
                2.5875778198242188,
                2.194516181945801,
                0.0
            ],
            [
                2.6733932495117188,
                1.1895160675048828,
                0.0
            ],
            [
                2.7246780395507812,
                0.29935455322265625,
                0.0
            ],
            [
                2.7419357299804688,
                -0.47580623626708984,
                0.0
            ],
            [
                2.7464523315429688,
                -0.876129150390625,
                0.0
            ],
            [
                2.7600021362304688,
                -1.2701606750488281,
                0.0
            ],
            [
                2.7827377319335938,
                -1.6583881378173828,
                0.0
            ],
            [
                2.8145217895507812,
                -2.040323257446289,
                0.0
            ],
            [
                2.8512954711914062,
                -2.4012908935546875,
                0.0
            ],
            [
                2.8890304565429688,
                -2.7258071899414062,
                0.0
            ],
            [
                2.9279098510742188,
                -3.0141944885253906,
                0.0
            ],
            [
                2.9677352905273438,
                -3.2661285400390625,
                0.0
            ],
            [
                3.0049972534179688,
                -3.478870391845703,
                0.0
            ],
            [
                3.0362930297851562,
                -3.6491947174072266,
                0.0
            ],
            [
                3.0614547729492188,
                -3.7772579193115234,
                0.0
            ],
            [
                3.0806503295898438,
                -3.862903594970703,
                0.0
            ],
            [
                2.8456497192382812,
                -3.5040321350097656,
                0.0
            ],
            [
                2.3508071899414062,
                -2.8306446075439453,
                0.0
            ],
            [
                1.5956497192382812,
                -1.842742919921875,
                0.0
            ],
            [
                0.5806503295898438,
                -0.5403223037719727,
                0.0
            ],
            [
                0.5019302368164062,
                -0.43854808807373047,
                0.0
            ],
            [
                0.31452178955078125,
                -0.19758129119873047,
                0.0
            ],
            [
                0.01805877685546875,
                0.1824188232421875,
                0.0
            ],
            [
                -0.38709259033203125,
                0.7016124725341797,
                0.0
            ],
            [
                -0.46080780029296875,
                0.7998390197753906,
                0.0
            ],
            [
                -0.5362930297851562,
                0.9011287689208984,
                0.0
            ],
            [
                -0.6140365600585938,
                1.005483627319336,
                0.0
            ],
            [
                -0.6935501098632812,
                1.1129026412963867,
                0.0
            ],
            [
                -0.7753219604492188,
                1.2222585678100586,
                0.0
            ],
            [
                -0.8588638305664062,
                1.33258056640625,
                0.0
            ],
            [
                -0.9446792602539062,
                1.4440326690673828,
                0.0
            ],
            [
                -1.0322647094726562,
                1.5564517974853516,
                0.0
            ],
            [
                -1.4179000854492188,
                2.075967788696289,
                0.0
            ],
            [
                -1.7682266235351562,
                2.5382261276245117,
                0.0
            ],
            [
                -2.0832290649414062,
                2.942903518676758,
                0.0
            ],
            [
                -2.3629074096679688,
                3.2903223037719727,
                0.0
            ],
            [
                -2.6033859252929688,
                3.5690317153930664,
                0.0
            ],
            [
                -2.8004837036132812,
                3.768064498901367,
                0.0
            ],
            [
                -2.9542007446289062,
                3.8875808715820312,
                0.0
            ],
            [
                -3.0645217895507812,
                3.927419662475586,
                0.0
            ],
            [
                -3.1451644897460938,
                3.927419662475586,
                0.0
            ],
            [
                -3.2264480590820312,
                3.9208059310913086,
                0.0
            ],
            [
                -3.2924270629882812,
                3.901129722595215,
                0.0
            ],
            [
                -3.3433914184570312,
                3.868387222290039,
                0.0
            ],
            [
                -3.3790359497070312,
                3.822580337524414,
                0.0
            ],
            [
                -3.4038772583007812,
                3.765483856201172,
                0.0
            ],
            [
                -3.4214553833007812,
                3.6995162963867188,
                0.0
            ],
            [
                -3.4320907592773438,
                3.624354362487793,
                0.0
            ],
            [
                -3.4354782104492188,
                3.5403223037719727,
                0.0
            ],
            [
                -3.4354782104492188,
                3.4919357299804688,
                0.0
            ],
            [
                -3.4516067504882812,
                3.02419376373291,
                0.0
            ],
            [
                -3.4537124633789062,
                2.8764514923095703,
                0.0
            ],
            [
                -3.4596786499023438,
                2.643064498901367,
                0.0
            ],
            [
                -3.4698410034179688,
                2.3240318298339844,
                0.0
            ],
            [
                -3.4838790893554688,
                1.9193544387817383,
                0.0
            ],
            [
