{
    "polyToCurveShape44": {
        "min": 0.0,
        "max": 112.0,
        "spans": 112,
        "degree": 1,
        "form": 2,
        "cv_len": 112,
        "cv_pose": [
            [
                1.258056640625,
                4.991936206817627,
                0.0
            ],
            [
                0.7378997802734375,
                4.981774806976318,
                0.0
            ],
            [
                0.2417755126953125,
                4.951613903045654,
                0.0
            ],
            [
                -0.2298431396484375,
                4.901129245758057,
                0.0
            ],
            [
                -0.67742919921875,
                4.83064603805542,
                0.0
            ],
            [
                -1.057098388671875,
                4.748871326446533,
                0.0
            ],
            [
                -1.4537200927734375,
                4.649194240570068,
                0.0
            ],
            [
                -1.867584228515625,
                4.531129360198975,
                0.0
            ],
            [
                -2.2983856201171875,
                4.395162105560303,
                0.0
            ],
            [
                -2.7212982177734375,
                4.248387813568115,
                0.0
            ],
            [
                -3.1109771728515625,
                4.098709583282471,
                0.0
            ],
            [
                -3.4672698974609375,
                3.9459681510925293,
                0.0
            ],
            [
                -3.7903289794921875,
                3.790322780609131,
                0.0
            ],
            [
                -4.0585479736328125,
                3.6395163536071777,
                0.0
            ],
            [
                -4.25,
                3.501936435699463,
                0.0
            ],
            [
                -4.364837646484375,
                3.377419948577881,
                0.0
            ],
            [
                -4.403228759765625,
                3.2661290168762207,
                0.0
            ],
            [
                -4.3970947265625,
                3.188387393951416,
                0.0
            ],
            [
                -4.3790435791015625,
                3.116936206817627,
                0.0
            ],
            [
                -4.3487091064453125,
                3.051290988922119,
                0.0
            ],
            [
                -4.30645751953125,
                2.991936206817627,
                0.0
            ],
            [
                -4.2559661865234375,
                2.9424195289611816,
                0.0
            ],
            [
                -4.2016143798828125,
                2.9072585105895996,
                0.0
            ],
            [
                -4.14306640625,
                2.8859686851501465,
                0.0
            ],
            [
                -4.0806427001953125,
                2.879032611846924,
                0.0
            ],
            [
                -4.0267791748046875,
                2.885000705718994,
                0.0
            ],
            [
                -3.9617767333984375,
                2.903226375579834,
                0.0
            ],
            [
                -3.885650634765625,
                2.933387279510498,
                0.0
            ],
            [
                -3.7983856201171875,
                2.975806713104248,
                0.0
            ],
            [
                -3.705169677734375,
                3.0251622200012207,
                0.0
            ],
            [
                -3.6109771728515625,
                3.0766139030456543,
                0.0
            ],
            [
                -3.515655517578125,
                3.130000591278076,
                0.0
            ],
            [
                -3.4193572998046875,
                3.1854844093322754,
                0.0
            ],
            [
                -3.213714599609375,
                3.3053231239318848,
                0.0
            ],
            [
                -3.032257080078125,
                3.4072585105895996,
                0.0
            ],
            [
                -2.875,
                3.490807056427002,
                0.0
            ],
            [
                -2.741943359375,
                3.5564522743225098,
                0.0
            ],
            [
                -2.3538818359375,
                3.7004847526550293,
                0.0
            ],
            [
                -1.93145751953125,
                3.842742443084717,
                0.0
            ],
            [
                -1.4748382568359375,
                3.9827427864074707,
                0.0
            ],
            [
                -0.9838714599609375,
                4.120968341827393,
                0.0
            ],
            [
                -0.9850006103515625,
                4.022580623626709,
                0.0
            ],
            [
                -0.9879150390625,
                3.8890328407287598,
                0.0
            ],
            [
                -0.993072509765625,
                3.7201619148254395,
                0.0
            ],
            [
                -1.0,
                3.5161290168762207,
                0.0
            ],
            [
                -1.0070953369140625,
                3.2896780967712402,
                0.0
            ],
            [
                -1.0121002197265625,
                3.0543551445007324,
                0.0
            ],
            [
                -1.015167236328125,
                2.8098397254943848,
                0.0
            ],
            [
                -1.0161285400390625,
                2.5564522743225098,
                0.0
            ],
            [
                -1.0132293701171875,
                2.1975808143615723,
                0.0
            ],
            [
                -1.0040435791015625,
                1.7338709831237793,
                0.0
            ],
            [
                -0.9890289306640625,
                1.1653227806091309,
                0.0
            ],
            [
                -0.967742919921875,
                0.49193620681762695,
                0.0
            ],
            [
                -0.9254913330078125,
                -0.8427414894104004,
                0.0
            ],
            [
                -0.895172119140625,
                -1.9758057594299316,
                0.0
            ],
            [
                -0.877105712890625,
                -2.907257556915283,
                0.0
            ],
            [
                -0.8709716796875,
                -3.637096881866455,
                0.0
            ],
            [
                -0.8685455322265625,
                -3.857903003692627,
                0.0
            ],
            [
                -0.8609771728515625,
                -4.0525803565979,
                0.0
            ],
            [
                -0.848388671875,
                -4.22080659866333,
                0.0
            ],
            [
                -0.8306427001953125,
                -4.362741947174072,
                0.0
            ],
            [
                -0.8130645751953125,
                -4.477741718292236,
                0.0
            ],
            [
                -0.8004913330078125,
                -4.564354419708252,
                0.0
            ],
            [
                -0.79290771484375,
                -4.6229023933410645,
                0.0
            ],
            [
                -0.7903289794921875,
                -4.653225421905518,
                0.0
            ],
            [
