{
    "CTL_IK_Arm_LShape": {
        "min": 0.0,
        "max": 8.0,
        "spans": 8,
        "degree": 1,
        "form": 0,
        "cv_len": 9,
        "cv_pose": [
            [
                3.552713678800501e-15,
                -10.892697782932771,
                -16.339046674399057
            ],
            [
                1.7763568394002505e-14,
                10.8926977829326,
                -16.339046674399064
            ],
            [
                8.881784197001252e-15,
                16.33904667439907,
                -10.892697782932702
            ],
            [
                1.4210854715202004e-14,
                16.339046674398958,
                10.892697782932702
            ],
            [
                1.5987211554602254e-14,
                10.892697782932544,
                16.339046674399057
            ],
            [
                7.105427357601002e-15,
                -10.8926977829328,
                16.33904667439906
            ],
            [
                1.7763568394002505e-15,
                -16.339046674399142,
                10.892697782932704
            ],
            [
                -1.0658141036401503e-14,
                -16.325156482224855,
                -10.144823033621224
            ],
            [
                3.552713678800501e-15,
                -10.892697782932771,
                -16.339046674399057
            ]
        ]
    }
}