{
    "polyToCurveShape47": {
        "min": 0.0,
        "max": 156.0,
        "spans": 156,
        "degree": 1,
        "form": 2,
        "cv_len": 156,
        "cv_pose": [
            [
                2.3628997802734375,
                5.879033088684082,
                0.0
            ],
            [
                1.72064208984375,
                5.845162391662598,
                0.0
            ],
            [
                1.05242919921875,
                5.743871688842773,
                0.0
            ],
            [
                0.3577423095703125,
                5.575000762939453,
                0.0
            ],
            [
                -0.3628997802734375,
                5.338709831237793,
                0.0
            ],
            [
                -1.0675811767578125,
                5.04838752746582,
                0.0
            ],
            [
                -1.713714599609375,
                4.717741966247559,
                0.0
            ],
            [
                -2.30145263671875,
                4.346775054931641,
                0.0
            ],
            [
                -2.8306427001953125,
                3.9354848861694336,
                0.0
            ],
            [
                -3.268218994140625,
                3.5024194717407227,
                0.0
            ],
            [
                -3.5806427001953125,
                3.0664520263671875,
                0.0
            ],
            [
                -3.768218994140625,
                2.6274194717407227,
                0.0
            ],
            [
                -3.8306427001953125,
                2.185483932495117,
                0.0
            ],
            [
                -3.80047607421875,
                1.8674192428588867,
                0.0
            ],
            [
                -3.7096710205078125,
                1.5745162963867188,
                0.0
            ],
            [
                -3.5585479736328125,
                1.306936264038086,
                0.0
            ],
            [
                -3.346771240234375,
                1.0645160675048828,
                0.0
            ],
            [
                -3.0862884521484375,
                0.8437099456787109,
                0.0
            ],
            [
                -2.78839111328125,
                0.6411294937133789,
                0.0
            ],
            [
                -2.453216552734375,
                0.45661354064941406,
                0.0
            ],
            [
                -2.0806427001953125,
                0.29032325744628906,
                0.0
            ],
            [
                -1.648712158203125,
                0.12338733673095703,
                0.0
            ],
            [
                -1.135162353515625,
                -0.06258010864257812,
                0.0
            ],
            [
                -0.5398406982421875,
                -0.26774120330810547,
                0.0
            ],
            [
                0.1371002197265625,
                -0.49193477630615234,
                0.0
            ],
            [
                0.82806396484375,
                -0.7208061218261719,
                0.0
            ],
            [
                1.417266845703125,
                -0.9556446075439453,
                0.0
            ],
            [
                1.9046783447265625,
                -1.1966123580932617,
                0.0
            ],
            [
                2.2903289794921875,
                -1.443547248840332,
                0.0
            ],
            [
                2.58306884765625,
                -1.7056455612182617,
                0.0
            ],
            [
                2.792266845703125,
                -1.9919347763061523,
                0.0
            ],
            [
                2.9177398681640625,
                -2.3024187088012695,
                0.0
            ],
            [
                2.959686279296875,
                -2.6370973587036133,
                0.0
            ],
            [
                2.93548583984375,
                -2.9053220748901367,
                0.0
            ],
            [
                2.8628997802734375,
                -3.1774187088012695,
                0.0
            ],
            [
                2.741943359375,
                -3.453709602355957,
                0.0
            ],
            [
                2.5725860595703125,
                -3.733870506286621,
                0.0
            ],
            [
                2.3582305908203125,
                -4.004031181335449,
                0.0
            ],
            [
                2.1027374267578125,
                -4.249999046325684,
                0.0
            ],
            [
                1.805816650390625,
                -4.471774101257324,
                0.0
            ],
            [
                1.467742919921875,
                -4.669354438781738,
                0.0
            ],
            [
                1.0941925048828125,
                -4.831774711608887,
                0.0
            ],
            [
                0.6914520263671875,
                -4.9475812911987305,
                0.0
            ],
            [
                0.259521484375,
                -5.017258644104004,
                0.0
            ],
            [
                -0.2016143798828125,
                -5.040322303771973,
                0.0
            ],
            [
                -0.4890289306640625,
                -5.035323143005371,
                0.0
            ],
            [
                -0.7540283203125,
                -5.0201616287231445,
                0.0
            ],
            [
                -0.997100830078125,
                -4.994999885559082,
                0.0
            ],
            [
                -1.217742919921875,
                -4.959677696228027,
                0.0
            ],
            [
                -1.4138641357421875,
                -4.918387413024902,
                0.0
            ],
            [
                -1.582733154296875,
                -4.874999046325684,
                0.0
            ],
            [
                -1.7243499755859375,
                -4.829676628112793,
                0.0
            ],
            [
                -1.838714599609375,
                -4.782258033752441,
                0.0
            ],
            [
                -1.9269256591796875,
                -4.736935615539551,
                0.0
            ],
            [
                -1.989990234375,
                -4.6975812911987305,
                0.0
            ],
            [
                -2.027740478515625,
                -4.664355278015137,
                0.0
            ],
            [
                -2.040313720703125,
                -4.637097358703613,
                0.0
            ],
            [
                -2.03692626953125,
                -4.6048383712768555,
                0.0
            ],
            [
                -2.0262908935546875,
                -4.5725812911987305,
                0.0
            ],
            [
                -2.0087127685546875,
                -4.540322303771973,
                0.0
            ],
            [
                -1.9838714599609375,
                -4.508065223693848,
                0.0
            ],
            [
                -1.959197998046875,
                -4.476935386657715,
                0.0
            ],
            [
                -1.9416046142578125,
                -4.4475812911987305,
                0.0
            ],
            [
                -1.93096923828125,
                -4.420483589172363,
                0.0
            ],
            [
                -1.9274139404296875,
