{
    "curveShape1": {
        "min": 0.0,
        "max": 52.0,
        "spans": 52,
        "degree": 1,
        "form": 0,
        "cv_len": 53,
        "cv_pose": [
            [
                0.0,
                1.0,
                0.0
            ],
            [
                0.0,
                0.92388,
                0.382683
            ],
            [
                0.0,
                0.707107,
                0.707107
            ],
            [
                0.0,
                0.382683,
                0.92388
            ],
            [
                0.0,
                0.0,
                1.0
            ],
            [
                0.0,
                -0.382683,
                0.92388
            ],
            [
                0.0,
                -0.707107,
                0.707107
            ],
            [
                0.0,
                -0.92388,
                0.382683
            ],
            [
                0.0,
                -1.0,
                0.0
            ],
            [
                0.0,
                -0.92388,
                -0.382683
            ],
            [
                0.0,
                -0.707107,
                -0.707107
            ],
            [
                0.0,
                -0.382683,
                -0.92388
            ],
            [
                0.0,
                0.0,
                -1.0
            ],
            [
                0.0,
                0.382683,
                -0.92388
            ],
            [
                0.0,
                0.707107,
                -0.707107
            ],
            [
                0.0,
                0.92388,
                -0.382683
            ],
            [
                0.0,
                1.0,
                0.0
            ],
            [
                0.382683,
                0.92388,
                0.0
            ],
            [
                0.707107,
                0.707107,
                0.0
            ],
            [
                0.92388,
                0.382683,
                0.0
            ],
            [
                1.0,
                0.0,
                0.0
            ],
            [
                0.92388,
                -0.382683,
                0.0
            ],
            [
                0.707107,
                -0.707107,
                0.0
            ],
            [
                0.382683,
                -0.92388,
                0.0
            ],
            [
                0.0,
                -1.0,
                0.0
            ],
            [
                -0.382683,
                -0.92388,
                0.0
            ],
            [
                -0.707107,
                -0.707107,
                0.0
            ],
            [
                -0.92388,
                -0.382683,
                0.0
            ],
            [
                -1.0,
                0.0,
                0.0
            ],
            [
                -0.92388,
                0.382683,
                0.0
            ],
            [
                -0.707107,
                0.707107,
                0.0
            ],
            [
                -0.382683,
                0.92388,
                0.0
            ],
            [
                0.0,
                1.0,
                0.0
            ],
            [
                0.0,
                0.92388,
                -0.382683
            ],
            [
                0.0,
                0.707107,
                -0.707107
            ],
            [
                0.0,
                0.382683,
                -0.92388
            ],
            [
                0.0,
                0.0,
                -1.0
            ],
            [
                -0.382683,
                0.0,
                -0.92388
            ],
            [
                -0.707107,
                0.0,
                -0.707107
            ],
            [
                -0.92388,
                0.0,
                -0.382683
            ],
            [
                -1.0,
                0.0,
                0.0
            ],
            [
                -0.92388,
                0.0,
                0.382683
            ],
            [
                -0.707107,
                0.0,
                0.707107
            ],
            [
                -0.382683,
                0.0,
                0.92388
            ],
            [
                0.0,
                0.0,
                1.0
            ],
            [
                0.382683,
                0.0,
                0.92388
            ],
            [
                0.707107,
                0.0,
                0.707107
            ],
            [
                0.92388,
                0.0,
                0.382683
            ],
            [
                1.0,
                0.0,
                0.0
            ],
            [
                0.92388,
                0.0,
                -0.382683
            ],
            [
                0.707107,
                0.0,
                -0.707107
            ],
            [
                0.382683,
                0.0,
                -0.92388
            ],
            [
                0.0,
                0.0,
                -1.0
            ]
        ]
    }
}