{
    "influence": "_300",
    "msh_sword_blurAShape.vtx[0]": 0.3989670097520056,
    "msh_sword_blurAShape.vtx[100]": 0.2662743901777076,
    "msh_sword_blurAShape.vtx[101]": 0.012119461906435092,
    "msh_sword_blurAShape.vtx[102]": 0.05343017640055335,
    "msh_sword_blurAShape.vtx[103]": 0.13808028809848166,
    "msh_sword_blurAShape.vtx[104]": 0.178624783851928,
    "msh_sword_blurAShape.vtx[105]": 0.21543520989970133,
    "msh_sword_blurAShape.vtx[106]": 0.17658905388917498,
    "msh_sword_blurAShape.vtx[107]": 0.053390376313325556,
    "msh_sword_blurAShape.vtx[108]": 0.011863464369424455,
    "msh_sword_blurAShape.vtx[109]": 0.13616202698747473,
    "msh_sword_blurAShape.vtx[10]": 0.9506182039133526,
    "msh_sword_blurAShape.vtx[110]": 0.2535823829269592,
    "msh_sword_blurAShape.vtx[111]": 0.2741289706424819,
    "msh_sword_blurAShape.vtx[112]": 0.31341425137056833,
    "msh_sword_blurAShape.vtx[113]": 0.3189706675746826,
    "msh_sword_blurAShape.vtx[114]": 0.30287461215660394,
    "msh_sword_blurAShape.vtx[115]": 0.3447286374395251,
    "msh_sword_blurAShape.vtx[116]": 0.35308997333049774,
    "msh_sword_blurAShape.vtx[117]": 0.33305324614048004,
    "msh_sword_blurAShape.vtx[118]": 0.3669300243999877,
    "msh_sword_blurAShape.vtx[119]": 0.3477047383785248,
    "msh_sword_blurAShape.vtx[11]": 0.9559205459332629,
    "msh_sword_blurAShape.vtx[120]": 0.30036109685897827,
    "msh_sword_blurAShape.vtx[121]": 0.18737757205963135,
    "msh_sword_blurAShape.vtx[122]": 0.3402775526046753,
    "msh_sword_blurAShape.vtx[123]": 0.41816362738609314,
    "msh_sword_blurAShape.vtx[124]": 0.42348819971084595,
    "msh_sword_blurAShape.vtx[125]": 0.3785732835531235,
    "msh_sword_blurAShape.vtx[126]": 0.2961731131461638,
    "msh_sword_blurAShape.vtx[127]": 0.9605115684515364,
    "msh_sword_blurAShape.vtx[128]": 0.9789272447818124,
    "msh_sword_blurAShape.vtx[129]": 0.9812154064465008,
    "msh_sword_blurAShape.vtx[12]": 0.01211955187224767,
    "msh_sword_blurAShape.vtx[130]": 0.9809569113535659,
    "msh_sword_blurAShape.vtx[131]": 0.9806804694294529,
    "msh_sword_blurAShape.vtx[132]": 0.8864686930374766,
    "msh_sword_blurAShape.vtx[133]": 0.8858918734036114,
    "msh_sword_blurAShape.vtx[134]": 0.8959864889793347,
    "msh_sword_blurAShape.vtx[135]": 0.9136372664912746,
    "msh_sword_blurAShape.vtx[136]": 0.9138236400144909,
    "msh_sword_blurAShape.vtx[137]": 0.9137711599469185,
    "msh_sword_blurAShape.vtx[138]": 0.7891537547111511,
    "msh_sword_blurAShape.vtx[139]": 0.80096435546875,
    "msh_sword_blurAShape.vtx[13]": 0.22479544914954075,
    "msh_sword_blurAShape.vtx[140]": 0.8118894100189209,
    "msh_sword_blurAShape.vtx[141]": 0.8182471394538879,
    "msh_sword_blurAShape.vtx[142]": 0.8179284313960141,
    "msh_sword_blurAShape.vtx[143]": 0.8198872823987184,
    "msh_sword_blurAShape.vtx[144]": 0.774570643901825,
    "msh_sword_blurAShape.vtx[145]": 0.7686347225637327,
    "msh_sword_blurAShape.vtx[146]": 0.7685307795140038,
    "msh_sword_blurAShape.vtx[147]": 0.7683599125675228,
    "msh_sword_blurAShape.vtx[148]": 0.8726723194122314,
    "msh_sword_blurAShape.vtx[149]": 0.8605769276618958,
    "msh_sword_blurAShape.vtx[14]": 0.9389783879962323,
    "msh_sword_blurAShape.vtx[150]": 0.8461097478866577,
    "msh_sword_blurAShape.vtx[151]": 0.8323098421096802,
    "msh_sword_blurAShape.vtx[152]": 0.792733371257782,
    "msh_sword_blurAShape.vtx[153]": 0.7474404573440552,
    "msh_sword_blurAShape.vtx[154]": 0.6973310708999634,
    "msh_sword_blurAShape.vtx[155]": 0.6385786636024118,
    "msh_sword_blurAShape.vtx[156]": 0.5810247726966755,
    "msh_sword_blurAShape.vtx[157]": 0.5228458046913147,
    "msh_sword_blurAShape.vtx[158]": 0.4573947787284851,
    "msh_sword_blurAShape.vtx[159]": 0.3894176185131073,
    "msh_sword_blurAShape.vtx[15]": 0.9453159852420088,
    "msh_sword_blurAShape.vtx[160]": 0.31338010811920003,
    "msh_sword_blurAShape.vtx[161]": 0.22152051577181203,
    "msh_sword_blurAShape.vtx[162]": 0.32807187857758296,
    "msh_sword_blurAShape.vtx[163]": 0.32899999618530273,
    "msh_sword_blurAShape.vtx[164]": 0.33059611916542053,
    "msh_sword_blurAShape.vtx[165]": 0.3348449468612671,
    "msh_sword_blurAShape.vtx[166]": 0.35132700204849243,
    "msh_sword_blurAShape.vtx[167]": 0.4516361951828003,
    "msh_sword_blurAShape.vtx[168]": 0.4604421854019165,
    "msh_sword_blurAShape.vtx[169]": 0.21814188604960466,
    "msh_sword_blurAShape.vtx[16]": 0.9988875206530397,
    "msh_sword_blurAShape.vtx[170]": 0.47049859166145325,
    "msh_sword_blurAShape.vtx[171]": 0.47147801518440247,
    "msh_sword_blurAShape.vtx[172]": 0.4830180548261393,
    "msh_sword_blurAShape.vtx[173]": 0.469877153635025,
    "msh_sword_blurAShape.vtx[174]": 0.46695324778556824,
    "msh_sword_blurAShape.vtx[175]": 0.4612574577331543,
    "msh_sword_blurAShape.vtx[176]": 0.4533427655696869,
    "msh_sword_blurAShape.vtx[177]": 0.44479331374168396,
    "msh_sword_blurAShape.vtx[178]": 0.4344494044780731,
    "msh_sword_blurAShape.vtx[179]": 0.42346648011559573,
    "msh_sword_blurAShape.vtx[17]": 0.9988875203041822,
    "msh_sword_blurAShape.vtx[180]": 0.41025933623313904,
    "msh_sword_blurAShape.vtx[181]": 0.394934087819542,
    "msh_sword_blurAShape.vtx[182]": 0.37796212453141154,
    "msh_sword_blurAShape.vtx[183]": 0.3829593360424042,
    "msh_sword_blurAShape.vtx[184]": 0.3579407334327698,
    "msh_sword_blurAShape.vtx[185]": 0.3277978500449479,
    "msh_sword_blurAShape.vtx[186]": 0.3055316881693063,
    "msh_sword_blurAShape.vtx[187]": 0.2604319396519529,
    "msh_sword_blurAShape.vtx[188]": 0.9762340150604657,
    "msh_sword_blurAShape.vtx[189]": 0.9751934837549925,
    "msh_sword_blurAShape.vtx[18]": 0.9944355673051545,
    "msh_sword_blurAShape.vtx[190]": 0.4256621563207361,
    "msh_sword_blurAShape.vtx[191]": 0.6252252333678746,
    "msh_sword_blurAShape.vtx[192]": 0.625182224832243,
    "msh_sword_blurAShape.vtx[193]": 0.6251799854869041,
    "msh_sword_blurAShape.vtx[194]": 0.6239670175422931,
    "msh_sword_blurAShape.vtx[195]": 0.6459145656412241,
    "msh_sword_blurAShape.vtx[196]": 0.6885501146316528,
    "msh_sword_blurAShape.vtx[197]": 0.68940269947052,
    "msh_sword_blurAShape.vtx[198]": 0.6893011884668827,
    "msh_sword_blurAShape.vtx[199]": 0.6869294047355652,
    "msh_sword_blurAShape.vtx[19]": 0.3195977008222849,
    "msh_sword_blurAShape.vtx[1]": 0.47747455470188127,
    "msh_sword_blurAShape.vtx[200]": 0.6843408942222595,
    "msh_sword_blurAShape.vtx[201]": 0.6791527271270752,
    "msh_sword_blurAShape.vtx[202]": 0.6744117140769958,
    "msh_sword_blurAShape.vtx[203]": 0.657689094543457,
    "msh_sword_blurAShape.vtx[204]": 0.6456279754638672,
    "msh_sword_blurAShape.vtx[205]": 0.6333506107330322,
    "msh_sword_blurAShape.vtx[206]": 0.6184488534927368,
    "msh_sword_blurAShape.vtx[207]": 0.6032010316848755,
    "msh_sword_blurAShape.vtx[208]": 0.5834676623344421,
    "msh_sword_blurAShape.vtx[209]": 0.5627546310424805,
    "msh_sword_blurAShape.vtx[20]": 0.3200417160987854,
    "msh_sword_blurAShape.vtx[210]": 0.5431739687919617,
    "msh_sword_blurAShape.vtx[211]": 0.522628128528595,
    "msh_sword_blurAShape.vtx[212]": 0.5072709918022156,
    "msh_sword_blurAShape.vtx[213]": 0.16103844344615936,
    "msh_sword_blurAShape.vtx[214]": 0.15954778718900217,
    "msh_sword_blurAShape.vtx[215]": 0.3215286363910382,
    "msh_sword_blurAShape.vtx[216]": 0.34817245602607727,
    "msh_sword_blurAShape.vtx[217]": 0.289117656648159,
    "msh_sword_blurAShape.vtx[218]": 0.26856250275609655,
    "msh_sword_blurAShape.vtx[219]": 0.4279717653989792,
    "msh_sword_blurAShape.vtx[21]": 0.2248092409251743,
    "msh_sword_blurAShape.vtx[220]": 0.4350285977125168,
    "msh_sword_blurAShape.vtx[221]": 0.39072921872138977,
    "msh_sword_blurAShape.vtx[222]": 0.3602554053068161,
    "msh_sword_blurAShape.vtx[223]": 0.3552815318107605,
    "msh_sword_blurAShape.vtx[224]": 0.3627622127532959,