{
    "curveShape5": {
        "degree": 3, 
        "form": 0, 
        "min": 0.0, 
        "max": 96.0, 
        "spans": 96, 
        "cv_len": 99, 
        "cv_pose": [
            [
                -0.16666666666, 
                0.0, 
                -0.16666666666
            ], 
            [
                -0.16666666666, 
                0.0, 
                -0.16666666666
            ], 
            [
                -0.16666666666, 
                0.0, 
                -0.16666666666
            ], 
            [
                -0.16666666666, 
                0.0, 
                -0.33333333332
            ], 
            [
                -0.16666666666, 
                0.0, 
                -0.49999999998
            ], 
            [
                -0.16666666666, 
                0.0, 
                -0.66666666664
            ], 
            [
                -0.16666666666, 
                0.0, 
                -0.66666666664
            ], 
            [
                -0.16666666666, 
                0.0, 
                -0.66666666664
            ], 
            [
                -0.33333333332, 
                0.0, 
                -0.66666666664
            ], 
            [
                -0.33333333332, 
                0.0, 
                -0.66666666664
            ], 
            [
                -0.33333333332, 
                0.0, 
                -0.66666666664
            ], 
            [
                -0.16666666666, 
                0.0, 
                -0.8333333332999999
            ], 
            [
                0.0, 
                0.0, 
                -0.99999999996
            ], 
            [
                0.0, 
                0.0, 
                -0.99999999996
            ], 
            [
                0.0, 
                0.0, 
                -0.99999999996
            ], 
            [
                0.16666666666, 
                0.0, 
                -0.8333333332999999
            ], 
            [
                0.33333333332, 
                0.0, 
                -0.66666666664
            ], 
            [
                0.33333333332, 
                0.0, 
                -0.66666666664
            ], 
            [
                0.33333333332, 
                0.0, 
                -0.66666666664
            ], 
            [
                0.16666666666, 
                0.0, 
                -0.66666666664
            ], 
            [
                0.16666666666, 
                0.0, 
                -0.66666666664
            ], 
            [
                0.16666666666, 
                0.0, 
                -0.66666666664
            ], 
            [
                0.16666666666, 
                0.0, 
                -0.49999999998
            ], 
            [
                0.16666666666, 
                0.0, 
                -0.33333333332
            ], 
            [
                0.16666666666, 
                0.0, 
                -0.16666666666
            ], 
            [
                0.16666666666, 
                0.0, 
                -0.16666666666
            ], 
            [
                0.16666666666, 
                0.0, 
                -0.16666666666
            ], 
            [
                0.33333333332, 
                0.0, 
                -0.16666666666
            ], 
            [
                0.49999999998, 
                0.0, 
                -0.16666666666
            ], 
            [
                0.66666666664, 
                0.0, 
                -0.16666666666
            ], 
            [
                0.66666666664, 
                0.0, 
                -0.16666666666
            ], 
            [
                0.66666666664, 
                0.0, 
                -0.16666666666
            ], 
            [
                0.66666666664, 
                0.0, 
                -0.33333333332
            ], 
            [
                0.66666666664, 
                0.0, 
                -0.33333333332
            ], 
            [
                0.66666666664, 
                0.0, 
                -0.33333333332
            ], 
            [
                0.8333333332999999, 
                0.0, 
                -0.16666666666
            ], 
            [
                0.99999999996, 
                0.0, 
                0.0
            ], 
            [
                0.99999999996, 
                0.0, 
                0.0
            ], 
            [
                0.99999999996, 
                0.0, 
                0.0
            ], 
            [
                0.8333333332999999, 
                0.0, 
                0.16666666666
            ], 
            [
                0.66666666664, 
                0.0, 
                0.33333333332
            ], 
            [
                0.66666666664, 
                0.0, 
                0.33333333332
            ], 
            [
                0.66666666664, 
                0.0, 
                0.33333333332
            ], 
            [
                0.66666666664, 
                0.0, 
                0.16666666666
            ], 
            [
                0.66666666664, 
                0.0, 
                0.16666666666
            ], 
            [
                0.66666666664, 
                0.0, 
                0.16666666666
            ], 
            [
                0.49999999998, 
                0.0, 
                0.16666666666
            ], 
            [
                0.33333333332, 
                0.0, 
                0.16666666666
            ], 
            [
                0.16666666666, 
                0.0, 
                0.16666666666
            ], 
            [
                0.16666666666, 
                0.0, 
                0.16666666666
            ], 
            [
                0.16666666666, 
                0.0, 
                0.16666666666
            ], 
            [
                0.16666666666, 
                0.0, 
                0.33333333332
            ], 
            [
                0.16666666666, 
                0.0, 
                0.49999999998
            ], 
            [
                0.16666666666, 
                0.0, 
                0.66666666664
            ], 
            [
                0.16666666666, 
                0.0, 
                0.66666666664
            ], 
            [
                0.16666666666, 
                0.0, 
                0.66666666664
            ], 
            [
                0.33333333332, 
                0.0, 
                0.66666666664
            ], 
            [
                0.33333333332, 
                0.0, 
                0.66666666664
            ], 
            [
                0.33333333332, 
                0.0, 
                0.66666666664
            ], 
            [
                0.16666666666, 
                0.0, 
                0.8333333332999999
            ], 
            [
                0.0, 
                0.0, 
                0.99999999996
            ], 
            [
                0.0, 
                0.0, 
                0.99999999996
            ], 
            [
                0.0, 
                0.0, 
                0.99999999996
            ], 
            [
                -0.16666666666, 
                0.0, 
                0.8333333332999999
            ], 
            [
                -0.33333333332, 
                0.0, 
                0.66666666664
            ], 
            [
                -0.33333333332, 
                0.0, 
                0.66666666664
            ], 
            [
                -0.33333333332, 
                0.0, 
                0.66666666664
            ], 
            [
                -0.16666666666, 
                0.0, 
                0.66666666664
            ], 
            [
                -0.16666666666, 
                0.0, 
