{
    "Lf_pv_CTRLShape": {
        "degree": 1, 
        "form": 0, 
        "min": 0.0, 
        "max": 7.0, 
        "spans": 7, 
        "cv_len": 8, 
        "cv_pose": [
            [
                0.0, 
                0.0, 
                0.0
            ], 
            [
                6.661338147750939e-16, 
                0.0, 
                -1.0000000000000004
            ], 
            [
                6.661338147750939e-16, 
                1.5, 
                -1.0000000000000004
            ], 
            [
                -0.2499999999999995, 
                1.5, 
                -1.0000000000000004
            ], 
            [
                -0.2499999999999995, 
                2.0, 
                -1.0000000000000004
            ], 
            [
                0.2500000000000007, 
                2.0, 
                -1.0000000000000004
            ], 
            [
                0.2500000000000007, 
                1.5, 
                -1.0000000000000004
            ], 
            [
                6.661338147750939e-16, 
                1.5, 
                -1.0000000000000004
            ]
        ]
    }
}