{
    "nurbsCircleShape1": {
        "degree": 1, 
        "form": 0, 
        "min": 0.0, 
        "max": 6.122934917841437, 
        "spans": 8, 
        "cv_len": 9, 
        "cv_pose": [
            [
                6.123233995736766e-17, 
                6.123233995736766e-17, 
                -1.0
            ], 
            [
                -0.7071067811865476, 
                4.329780281177467e-17, 
                -0.7071067811865476
            ], 
            [
                -1.0000000000000002, 
                3.749399456654645e-33, 
                -6.123233995736767e-17
            ], 
            [
                -0.7071067811865477, 
                -4.3297802811774677e-17, 
                0.7071067811865477
            ], 
            [
                -6.123233995736767e-17, 
                -6.123233995736767e-17, 
                1.0000000000000002
            ], 
            [
                0.7071067811865477, 
                -4.3297802811774677e-17, 
                0.7071067811865477
            ], 
            [
                1.0000000000000002, 
                -3.749399456654645e-33, 
                6.123233995736767e-17
            ], 
            [
                0.7071067811865477, 
                4.3297802811774677e-17, 
                -0.7071067811865477
            ], 
            [
                6.123233995736767e-17, 
                6.123233995736767e-17, 
                -1.0000000000000002
            ]
        ]
    }
}