{
    "Cn_root_CTRLShape": {
        "degree": 1, 
        "form": 0, 
        "min": 0.0, 
        "max": 21.0, 
        "spans": 15, 
        "cv_len": 16, 
        "cv_pose": [
            [
                9.719789730278143e-07, 
                8.713649629066519e-33, 
                -1.491350837464672e-08
            ], 
            [
                0.5637169170258933, 
                -1.3807082360118727e-16, 
                -0.8436624997191092
            ], 
            [
                0.843662124841442, 
                -2.0663762417826277e-16, 
                -0.5637173998928074
            ], 
            [
                0.9951675113737756, 
                -2.4374574141463586e-16, 
                -0.1979513085945579
            ], 
            [
                0.9951675833666086, 
                -2.437457590504635e-16, 
                0.19795109878546147
            ], 
            [
                0.8436624848056017, 
                -2.066377123332439e-16, 
                0.5637168301195526
            ], 
            [
                0.5637172769900531, 
                -1.380709117803269e-16, 
                0.8436622539135981
            ], 
            [
                0.1979511316971781, 
                -4.848404395650524e-17, 
                0.9951674964602677
            ], 
            [
                -0.19795104170613814, 
                4.8484021923799685e-17, 
                0.9951675684531003
            ], 
            [
                -0.5637170250151408, 
                1.3807085005492926e-16, 
                0.8436623978992616
            ], 
            [
                -0.8436622688271057, 
                2.0663765944991858e-16, 
                0.5637171180908808
            ], 
            [
                -0.9951675113737756, 
                2.437457414146359e-16, 
                0.19795118877650117
            ], 
            [
                -0.9951675833666086, 
                2.4374575905046345e-16, 
                -0.1979511106142705
            ], 
            [
                -0.8436622688271057, 
                2.0663765944991858e-16, 
                -0.5637171479178966
            ], 
            [
                -0.563717133004389, 
                1.3807087650867105e-16, 
                -0.8436622837406141
            ], 
            [
                9.719789732960302e-07, 
                8.713649629066519e-33, 
                -1.491350837464672e-08
            ]
        ]
    }
}