{
    "nurbsCircleShape4": {
        "degree": 1, 
        "form": 0, 
        "min": 0.0, 
        "max": 5.65685424949238, 
        "spans": 4, 
        "cv_len": 5, 
        "cv_pose": [
            [
                -1.0, 
                0.0, 
                -0.9999999999999998
            ], 
            [
                -0.9999999999999999, 
                0.0, 
                0.9999999999999999
            ], 
            [
                0.9999999999999998, 
                0.0, 
                1.0
            ], 
            [
                1.0, 
                0.0, 
                -1.0000000000000002
            ], 
            [
                -0.9999999999999997, 
                0.0, 
                -1.0000000000000002
            ]
        ]
    }
}