{
    "Cn_root_move_CTRLShape": {
        "min": 0.0,
        "max": 7.0,
        "spans": 7,
        "degree": 1,
        "form": 0,
        "cv_len": 8,
        "cv_pose": [
            [
                -0.2220255783038946,
                -2.464979090886994e-16,
                -0.5550639457597366
            ],
            [
                -0.2220255783038946,
                4.929958181773992e-17,
                0.11101278915194725
            ],
            [
                -0.4440511566077892,
                4.929958181773992e-17,
                0.11101278915194725
            ],
            [
                0.0,
                2.464979090886994e-16,
                0.5550639457597366
            ],
            [
                0.4440511566077892,
                4.929958181773992e-17,
                0.11101278915194725
            ],
            [
                0.2220255783038946,
                4.929958181773992e-17,
                0.11101278915194725
            ],
            [
                0.2220255783038946,
                -2.464979090886994e-16,
                -0.5550639457597366
            ],
            [
                -0.2220255783038946,
                -2.464979090886994e-16,
                -0.5550639457597366
            ]
        ]
    }
}