{
    "polyToCurveShape31": {
        "min": 0.0,
        "max": 128.0,
        "spans": 128,
        "degree": 1,
        "form": 2,
        "cv_len": 128,
        "cv_pose": [
            [
                -0.024193763732910156,
                5.338709831237793,
                0.0
            ],
            [
                -0.37854862213134766,
                5.295321464538574,
                0.0
            ],
            [
                -0.7319364547729492,
                5.165322303771973,
                0.0
            ],
            [
                -1.0841951370239258,
                4.948548316955566,
                0.0
            ],
            [
                -1.4354848861694336,
                4.645160675048828,
                0.0
            ],
            [
                -1.7758073806762695,
                4.276127815246582,
                0.0
            ],
            [
                -2.0948400497436523,
                3.8629026412963867,
                0.0
            ],
            [
                -2.3927431106567383,
                3.405160903930664,
                0.0
            ],
            [
                -2.6693544387817383,
                2.903225898742676,
                0.0
            ],
            [
                -2.919356346130371,
                2.363870620727539,
                0.0
            ],
            [
                -3.153225898742676,
                1.7782249450683594,
                0.0
            ],
            [
                -3.370968818664551,
                1.1461286544799805,
                0.0
            ],
            [
                -3.5725812911987305,
                0.4677410125732422,
                0.0
            ],
            [
                -3.741936683654785,
                -0.2158069610595703,
                0.0
            ],
            [
                -3.8629045486450195,
                -0.8629035949707031,
                0.0
            ],
            [
                -3.9354848861694336,
                -1.473872184753418,
                0.0
            ],
            [
                -3.9596776962280273,
                -2.0483884811401367,
                0.0
            ],
            [
                -3.90225887298584,
                -2.813065528869629,
                0.0
            ],
            [
                -3.7298402786254883,
                -3.4779043197631836,
                0.0
            ],
            [
                -3.442582130432129,
                -4.042904853820801,
                0.0
            ],
            [
                -3.0403242111206055,
                -4.508065223693848,
                0.0
            ],
            [
                -2.547419548034668,
                -4.871613502502441,
                0.0
            ],
            [
                -1.9879045486450195,
                -5.130969047546387,
                0.0
            ],
            [
                -1.3619356155395508,
                -5.286774635314941,
                0.0
            ],
            [
                -0.6693563461303711,
                -5.338709831237793,
                0.0
            ],
            [
                0.0019350051879882812,
                -5.2846784591674805,
                0.0
            ],
            [
                0.6451597213745117,
                -5.1229047775268555,
                0.0
            ],
            [
                1.2599992752075195,
                -4.853388786315918,
                0.0
            ],
            [
                1.8467741012573242,
                -4.475808143615723,
                0.0
            ],
            [
                2.390000343322754,
                -4.040968894958496,
                0.0
            ],
            [
                2.8749990463256836,
                -3.598872184753418,
                0.0
            ],
            [
                3.3012895584106445,
                -3.1498403549194336,
                0.0
            ],
            [
                3.6693544387817383,
                -2.693549156188965,
                0.0
            ],
            [
                3.796290397644043,
                -2.5000009536743164,
                0.0
            ],
            [
                3.8870973587036133,
                -2.338709831237793,
                0.0
            ],
            [
                3.941451072692871,
                -2.2096776962280273,
                0.0
            ],
            [
                3.9596776962280273,
                -2.1129045486450195,
                0.0
            ],
            [
                3.9575796127319336,
                -2.0535497665405273,
                0.0
            ],
            [
                3.951613426208496,
                -2.004033088684082,
                0.0
            ],
            [
                3.941451072692871,
                -1.964838981628418,
                0.0
            ],
            [
                3.9274187088012695,
                -1.9354848861694336,
                0.0
            ],
            [
                3.9072580337524414,
                -1.9143552780151367,
                0.0
            ],
            [
                3.879031181335449,
                -1.8991937637329102,
                0.0
            ],
            [
                3.8427419662475586,
                -1.890162467956543,
                0.0
            ],
            [
                3.798386573791504,
                -1.8870973587036133,
                0.0
            ],
            [
                3.743870735168457,
                -1.9079046249389648,
                0.0
            ],
            [
                3.6774187088012695,
                -1.9698400497436523,
                0.0
            ],
            [
                3.598708152770996,
                -2.073225975036621,
                0.0
            ],
            [
                3.508063316345215,
                -2.2177419662475586,
                0.0
            ],
            [
                3.421290397644043,
                -2.364516258239746,
                0.0
            ],
            [
                3.3548383712768555,
                -2.473872184753418,
                0.0
            ],
            [
                3.30838680267334,
                -2.5459680557250977,
                0.0
            ],
            [
                3.2822580337524414,
                -2.5806455612182617,
                0.0
            ],
            [
                2.81290340423584,
                -3.004033088684082,
                0.0
            ],
            [
                2.340643882751465,
                -3.3870973587036133,
                0.0
            ],
            [
                1.8653230667114258,
                -3.7298402786254883,
                0.0
            ],
            [
                1.3870973587036133,
                -4.032258033752441,
                0.0
            ],
            [
                0.8935480117797852,
                -4.279355049133301,
                0.0
            ],
            [
                0.37290287017822266,
                -4.455645561218262,
                0.0
            ],
            [
                -0.17500019073486328,
                -4.561614036560059,
                0.0
            ],
            [
                -0.7500009536743164,
                -4.596776008605957,
                0.0
            ],
            [
                -1.1095170974731445,
                -4.574677467346191,
                0.0
            ],
            [
                -1.4456453323364258,
                -4.508065223693848,
                0.0
            ],
            [
                -1.7587099075317383,
                -4.397259712219238,
                0.0
            ],
            [
                -2.0483884811401367,
