{
    "curveShape1": {
        "min": 0.0,
        "max": 18.0,
        "spans": 18,
        "degree": 1,
        "form": 0,
        "cv_len": 19,
        "cv_pose": [
            [
                -1.207536,
                0.0,
                0.0
            ],
            [
                -1.123549,
                -0.202763,
                0.0
            ],
            [
                -0.920786,
                -0.28675,
                0.0
            ],
            [
                -0.718023,
                -0.202763,
                0.0
            ],
            [
                -0.63504,
                -0.00242492,
                0.0
            ],
            [
                0.634091,
                0.0,
                0.0
            ],
            [
                0.718023,
                -0.202763,
                0.0
            ],
            [
                0.920786,
                -0.28675,
                0.0
            ],
            [
                1.123549,
                -0.202763,
                0.0
            ],
            [
                1.207536,
                0.0,
                0.0
            ],
            [
                1.123549,
                0.202763,
                0.0
            ],
            [
                0.920786,
                0.28675,
                0.0
            ],
            [
                0.718023,
                0.202763,
                0.0
            ],
            [
                0.634091,
                0.0,
                0.0
            ],
            [
                -0.63504,
                -0.00242492,
                0.0
            ],
            [
                -0.718023,
                0.202763,
                0.0
            ],
            [
                -0.920786,
                0.28675,
                0.0
            ],
            [
                -1.123549,
                0.202763,
                0.0
            ],
            [
                -1.207536,
                0.0,
                0.0
            ]
        ]
    }
}