{
    "curveShape24": {
        "min": 0.0,
        "max": 6.0,
        "spans": 6,
        "degree": 1,
        "form": 0,
        "cv_len": 7,
        "cv_pose": [
            [
                0.0,
                0.0,
                0.0
            ],
            [
                -1.2387382583483639e-31,
                2.51245967475356,
                -5.578781158707269e-16
            ],
            [
                -0.314057459344195,
                2.51245967475356,
                -4.88143351386886e-16
            ],
            [
                -0.314057459344195,
                3.1405745934419502,
                -6.276128803545678e-16
            ],
            [
                0.314057459344195,
                3.1405745934419502,
                -7.670824093222495e-16
            ],
            [
                0.314057459344195,
                2.51245967475356,
                -6.276128803545678e-16
            ],
            [
                -1.2387382583483639e-31,
                2.51245967475356,
                -5.578781158707269e-16
            ]
        ]
    }
}