{
    "curveShape47": {
        "min": 0.0,
        "max": 29.0,
        "spans": 29,
        "degree": 1,
        "form": 0,
        "cv_len": 30,
        "cv_pose": [
            [
                0.0,
                1.4400000000000002,
                0.0
            ],
            [
                -0.24,
                1.92,
                0.0
            ],
            [
                0.0,
                1.92,
                0.0
            ],
            [
                0.24,
                1.92,
                0.0
            ],
            [
                0.0,
                1.4400000000000002,
                0.0
            ],
            [
                0.0,
                0.24,
                0.0
            ],
            [
                0.06205128000000001,
                0.23161392,
                0.0
            ],
            [
                0.11989872,
                0.20765232000000003,
                0.0
            ],
            [
                0.16970688,
                0.169707,
                0.0
            ],
            [
                0.20765250000000002,
                0.11989866,
                0.0
            ],
            [
                0.23161368000000002,
                0.06205134,
                0.0
            ],
            [
                0.2400018,
                -1.3837799999999999e-08,
                0.0
            ],
            [
                0.23161368000000002,
                -0.06205128000000001,
                0.0
            ],
            [
                0.20765250000000002,
                -0.11989872,
                0.0
            ],
            [
                0.16970688,
                -0.16970688,
                0.0
            ],
            [
                0.11989872,
                -0.20765250000000002,
                0.0
            ],
            [
                0.06205128000000001,
                -0.23161368000000002,
                0.0
            ],
            [
                0.0,
                -0.2400018,
                0.0
            ],
            [
                -0.06205128000000001,
                -0.23161368000000002,
                0.0
            ],
            [
                -0.11989872,
                -0.20765250000000002,
                0.0
            ],
            [
                -0.16970688,
                -0.16970688,
                0.0
            ],
            [
                -0.20765250000000002,
                -0.11989872,
                0.0
            ],
            [
                -0.23161368000000002,
                -0.06205128000000001,
                0.0
            ],
            [
                -0.2400018,
                -1.3837799999999999e-08,
                0.0
            ],
            [
                -0.23161368000000002,
                0.06205134,
                0.0
            ],
            [
                -0.20765250000000002,
                0.11989866,
                0.0
            ],
            [
                -0.16970688,
                0.169707,
                0.0
            ],
            [
                -0.11989872,
                0.20765232000000003,
                0.0
            ],
            [
                -0.06205128000000001,
                0.23161392,
                0.0
            ],
            [
                0.0,
                0.24,
                0.0
            ]
        ]
    }
}