{
    "curveShape48": {
        "min": 0.0,
        "max": 29.0,
        "spans": 29,
        "degree": 1,
        "form": 0,
        "cv_len": 30,
        "cv_pose": [
            [
                -4.9455726017258854e-17,
                0.47999999999999826,
                0.0
            ],
            [
                0.23999999999999996,
                0.47999999999999826,
                0.0
            ],
            [
                -1.0823877237633179e-16,
                -1.5987211554602253e-15,
                0.0
            ],
            [
                -0.24000000000000005,
                0.47999999999999826,
                0.0
            ],
            [
                -4.9455726017258854e-17,
                0.47999999999999826,
                0.0
            ],
            [
                9.750188988042355e-17,
                1.6799999999999986,
                0.0
            ],
            [
                -0.06205127999999991,
                1.6883860799999986,
                0.0
            ],
            [
                -0.1198987199999999,
                1.7123476799999986,
                0.0
            ],
            [
                -0.1697068799999999,
                1.7502929999999985,
                0.0
            ],
            [
                -0.20765249999999988,
                1.8001013399999986,
                0.0
            ],
            [
                -0.23161367999999988,
                1.8579486599999986,
                0.0
            ],
            [
                -0.24000179999999985,
                1.9200000138377984,
                0.0
            ],
            [
                -0.23161367999999988,
                1.9820512799999985,
                0.0
            ],
            [
                -0.20765249999999988,
                2.0398987199999987,
                0.0
            ],
            [
                -0.16970687999999984,
                2.0897068799999983,
                0.0
            ],
            [
                -0.11989871999999983,
                2.127652499999998,
                0.0
            ],
            [
                -0.06205127999999986,
                2.1516136799999983,
                0.0
            ],
            [
                1.5628515667592033e-16,
                2.1600017999999985,
                0.0
            ],
            [
                0.06205128000000016,
                2.1516136799999983,
                0.0
            ],
            [
                0.11989872000000017,
                2.127652499999998,
                0.0
            ],
            [
                0.16970688000000017,
                2.0897068799999983,
                0.0
            ],
            [
                0.20765250000000016,
                2.0398987199999983,
                0.0
            ],
            [
                0.23161368000000015,
                1.9820512799999985,
                0.0
            ],
            [
                0.24000180000000013,
                1.9200000138377984,
                0.0
            ],
            [
                0.23161368000000015,
                1.8579486599999986,
                0.0
            ],
            [
                0.20765250000000016,
                1.8001013399999986,
                0.0
            ],
            [
                0.1697068800000001,
                1.7502929999999985,
                0.0
            ],
            [
                0.1198987200000001,
                1.7123476799999986,
                0.0
            ],
            [
                0.06205128000000011,
                1.6883860799999986,
                0.0
            ],
            [
                9.750188988042355e-17,
                1.6799999999999986,
                0.0
            ]
        ]
    }
}