{
    "curveShape3": {
        "degree": 1, 
        "form": 0, 
        "min": 0.0, 
        "max": 51.0, 
        "spans": 51, 
        "cv_len": 52, 
        "cv_pose": [
            [
                0.0, 
                0.0, 
                0.9999999403953552
            ], 
            [
                0.7071067690849304, 
                0.0, 
                0.7071067690849304
            ], 
            [
                0.7071067690849304, 
                -0.07187411189079285, 
                0.7071067690849304
            ], 
            [
                0.0, 
                -0.07187411189079285, 
                0.9999999403953552
            ], 
            [
                0.0, 
                0.0, 
                0.9999999403953552
            ], 
            [
                0.7071067690849304, 
                0.0, 
                0.7071067690849304
            ], 
            [
                1.0, 
                0.0, 
                0.0
            ], 
            [
                0.9999999403953552, 
                -0.07187411189079285, 
                0.0
            ], 
            [
                0.7071067690849304, 
                -0.07187411189079285, 
                0.7071067690849304
            ], 
            [
                0.7071067690849304, 
                0.0, 
                0.7071067690849304
            ], 
            [
                1.0, 
                0.0, 
                0.0
            ], 
            [
                0.7071067094802856, 
                0.0, 
                -0.7071067094802856
            ], 
            [
                0.7071067094802856, 
                -0.07187411189079285, 
                -0.7071067094802856
            ], 
            [
                0.9999999403953552, 
                -0.07187411189079285, 
                0.0
            ], 
            [
                1.0, 
                0.0, 
                0.0
            ], 
            [
                0.7071067094802856, 
                0.0, 
                -0.7071067094802856
            ], 
            [
                0.0, 
                0.0, 
                -0.9999998807907104
            ], 
            [
                0.0, 
                -0.07187411189079285, 
                -0.9999998807907104
            ], 
            [
                0.7071067094802856, 
                -0.07187411189079285, 
                -0.7071067094802856
            ], 
            [
                0.7071067094802856, 
                0.0, 
                -0.7071067094802856
            ], 
            [
                0.0, 
                0.0, 
                -0.9999998807907104
            ], 
            [
                -0.7071067094802856, 
                0.0, 
                -0.7071067094802856
            ], 
            [
                -0.7071067094802856, 
                -0.07187411189079285, 
                -0.7071067094802856
            ], 
            [
                0.0, 
                -0.07187411189079285, 
                -0.9999998807907104
            ], 
            [
                0.0, 
                0.0, 
                -0.9999998807907104
            ], 
            [
                -0.7071067094802856, 
                0.0, 
                -0.7071067094802856
            ], 
            [
                -0.9999998807907104, 
                0.0, 
                0.0
            ], 
            [
                -0.9999998807907104, 
                -0.07187411189079285, 
                0.0
            ], 
            [
                -0.7071067094802856, 
                -0.07187411189079285, 
                -0.7071067094802856
            ], 
            [
                -0.7071067094802856, 
                0.0, 
                -0.7071067094802856
            ], 
            [
                -0.9999998807907104, 
                0.0, 
                0.0
            ], 
            [
                -0.7071067094802856, 
                0.0, 
                0.7071067094802856
            ], 
            [
                -0.7071067094802856, 
                -0.07187411189079285, 
                0.7071067094802856
            ], 
            [
                -0.9999998807907104, 
                -0.07187411189079285, 
                0.0
            ], 
            [
                -0.9999998807907104, 
                0.0, 
                0.0
            ], 
            [
                -0.7071067094802856, 
                0.0, 
                0.7071067094802856
            ], 
            [
                0.0, 
                0.0, 
                0.9999999403953552
            ], 
            [
                0.0, 
                -0.07187411189079285, 
                0.9999999403953552
            ], 
            [
                -0.7071067094802856, 
                -0.07187411189079285, 
                0.7071067094802856
            ], 
            [
                -0.7071067094802856, 
                0.0, 
                0.7071067094802856
            ], 
            [
                0.0, 
                0.0, 
                0.9999999403953552
            ], 
            [
                -0.7071067094802856, 
                0.0, 
                0.7071067094802856
            ], 
            [
                0.0, 
                0.0, 
                0.9999999403953552
            ], 
            [
                0.0, 
                -0.07187411189079285, 
                0.9999999403953552
            ], 
            [
                0.0, 
                -0.3826834261417389, 
                0.9238794445991516
            ], 
            [
                0.0, 
                -0.7071067690849304, 
                0.7071067094802856
            ], 
            [
                0.0, 
                -0.9238795042037964, 
                0.3826834261417389
            ], 
            [
                0.0, 
                -1.0, 
                0.0
            ], 
            [
                0.0, 
                -0.9238795042037964, 
                -0.3826833963394165
            ], 
            [
                0.0, 
                -0.7071067690849304, 
                -0.7071067094802856
            ], 
            [
                0.0, 
                -0.3826834261417389, 
                -0.9238793849945068
            ], 
            [
                0.0, 
                -0.07187411189079285, 
                -0.9999998807907104
            ]
        ]
    }
}