{
    "curveShape2": {
        "min": 0.0,
        "max": 62.0,
        "spans": 62,
        "degree": 1,
        "form": 0,
        "cv_len": 63,
        "cv_pose": [
            [
                0.05014815670402038,
                1.604742222863163,
                0.08685920717860222
            ],
            [
                -0.05014822778252101,
                1.604742222863163,
                0.08685920717860222
            ],
            [
                0.0,
                1.9724733139979513,
                0.0
            ],
            [
                0.05014815670402038,
                1.604742222863163,
                0.08685920717860222
            ],
            [
                0.1002963844865414,
                1.604742222863163,
                0.0
            ],
            [
                0.0,
                1.9724733139979513,
                0.0
            ],
            [
                0.1002963844865414,
                1.604742222863163,
                0.0
            ],
            [
                0.05014822778252101,
                1.604742222863163,
                -0.08685920717860222
            ],
            [
                0.0,
                1.9724733139979513,
                0.0
            ],
            [
                0.05014822778252101,
                1.604742222863163,
                -0.08685920717860222
            ],
            [
                -0.05014815670402038,
                1.604742222863163,
                -0.08685927825710285
            ],
            [
                0.0,
                1.9724733139979513,
                0.0
            ],
            [
                -0.05014815670402038,
                1.604742222863163,
                -0.08685927825710285
            ],
            [
                -0.1002963844865414,
                1.604742222863163,
                -1.593210375843018e-08
            ],
            [
                0.0,
                1.9724733139979513,
                0.0
            ],
            [
                -0.1002963844865414,
                1.604742222863163,
                -1.593210375843018e-08
            ],
            [
                -0.05014822778252101,
                1.604742222863163,
                0.08685920717860222
            ],
            [
                0.0,
                1.9724733139979513,
                0.0
            ],
            [
                0.0,
                0.0,
                0.0
            ],
            [
                0.0,
                0.0,
                1.9724733139979513
            ],
            [
                -0.08685920717860222,
                0.05014822778252101,
                1.604742222863163
            ],
            [
                0.0,
                0.1002963844865414,
                1.604742222863163
            ],
            [
                0.0,
                0.0,
                1.9724733139979513
            ],
            [
                0.08685920717860222,
                0.05014815670402038,
                1.604742222863163
            ],
            [
                0.0,
                0.1002963844865414,
                1.604742222863163
            ],
            [
                0.08685920717860222,
                0.05014815670402038,
                1.604742222863163
            ],
            [
                0.08685920717860222,
                -0.05014822778252101,
                1.604742222863163
            ],
            [
                0.0,
                0.0,
                1.9724733139979513
            ],
            [
                0.08685920717860222,
                -0.05014822778252101,
                1.604742222863163
            ],
            [
                -1.593210375843018e-08,
                -0.1002963844865414,
                1.604742222863163
            ],
            [
                0.0,
                0.0,
                1.9724733139979513
            ],
            [
                -1.593210375843018e-08,
                -0.1002963844865414,
                1.604742222863163
            ],
            [
                -0.08685927825710285,
                -0.05014815670402038,
                1.604742222863163
            ],
            [
                0.0,
                0.0,
                1.9724733139979513
            ],
            [
                -0.08685927825710285,
                -0.05014815670402038,
                1.604742222863163
            ],
            [
                -0.08685920717860222,
                0.05014822778252101,
                1.604742222863163
            ],
            [
                0.0,
                0.0,
                1.9724733139979513
            ],
            [
                0.0,
                0.0,
                0.4011855379461656
            ],
            [
                0.0,
                0.4011855379461656,
                0.4011855379461656
            ],
            [
                0.0,
                0.4011855379461656,
                0.0
            ],
            [
                0.4011855379461656,
                0.4011855379461656,
                0.0
            ],
            [
                0.4011855379461656,
                0.0,
                0.0
            ],
            [
                0.0,
                0.0,
                0.0
            ],
            [
                0.0,
                0.0,
                0.4011855379461656
            ],
            [
                0.4011855379461656,
                0.0,
                0.4011855379461656
            ],
            [
                0.4011855379461656,
                0.0,
                0.0
            ],
            [
                1.9724733139979513,
                0.0,
                0.0
            ],
            [
                1.604742222863163,
                0.1002963844865414,
                0.0
            ],
            [
                1.604742222863163,
                0.05014815670402038,
                -0.08685920717860222
            ],
            [
                1.9724733139979513,
                0.0,
                0.0
            ],
            [
                1.604742222863163,
                0.05014815670402038,
                -0.08685920717860222
            ],
            [
                1.604742222863163,
                -0.05014822778252101,
                -0.08685920717860222
            ],
            [
                1.9724733139979513,
                0.0,
                0.0
            ],
            [
                1.604742222863163,
                -0.1002963844865414,
                1.593210375843018e-08
            ],
            [
                1.604742222863163,
                -0.05014822778252101,
                -0.08685920717860222
            ],
            [
                1.604742222863163,
                -0.1002963844865414,
                1.593210375843018e-08
            ],
            [
                1.604742222863163,
                -0.05014815670402038,
                0.08685927825710285
            ],
            [
                1.9724733139979513,
                0.0,
                0.0
            ],
            [
                1.604742222863163,
                -0.05014815670402038,
                0.08685927825710285
            ],
            [
                1.604742222863163,
                0.05014822778252101,
                0.08685920717860222
            ],
            [
                1.604742222863163,
                0.1002963844865414,
                0.0
            ],
            [
                1.9724733139979513,
                0.0,
                0.0
            ],
            [
                1.604742222863163,
                0.05014822778252101,
                0.08685920717860222
            ]
        ]
    }
}