{
    "polyToCurveShape43": {
        "min": 0.0,
        "max": 80.0,
        "spans": 80,
        "degree": 1,
        "form": 2,
        "cv_len": 80,
        "cv_pose": [
            [
                -0.8467788696289062,
                5.185483932495117,
                0.0
            ],
            [
                -0.9406509399414062,
                5.1824188232421875,
                0.0
            ],
            [
                -1.0283889770507812,
                5.173386573791504,
                0.0
            ],
            [
                -1.1099929809570312,
                5.158225059509277,
                0.0
            ],
            [
                -1.1854782104492188,
                5.137096405029297,
                0.0
            ],
            [
                -1.2591934204101562,
                5.106773376464844,
                0.0
            ],
            [
                -1.3346786499023438,
                5.064516067504883,
                0.0
            ],
            [
                -1.4124221801757812,
                5.010000228881836,
                0.0
            ],
            [
                -1.4919357299804688,
                4.943548202514648,
                0.0
            ],
            [
                -2.2390365600585938,
                4.123387336730957,
                0.0
            ],
            [
                -2.8991928100585938,
                3.2761287689208984,
                0.0
            ],
            [
                -3.4729080200195312,
                2.401613235473633,
                0.0
            ],
            [
                -3.9596786499023438,
                1.5,
                0.0
            ],
            [
                -4.347908020019531,
                0.5920963287353516,
                0.0
            ],
            [
                -4.625007629394531,
                -0.30048370361328125,
                0.0
            ],
            [
                -4.791450500488281,
                -1.1780643463134766,
                0.0
            ],
            [
                -4.846778869628906,
                -2.040323257446289,
                0.0
            ],
            [
                -4.816612243652344,
                -2.522258758544922,
                0.0
            ],
            [
                -4.725807189941406,
                -2.967742919921875,
                0.0
            ],
            [
                -4.574684143066406,
                -3.3770980834960938,
                0.0
            ],
            [
                -4.362907409667969,
                -3.75,
                0.0
            ],
            [
                -4.102897644042969,
                -4.083227157592773,
                0.0
            ],
            [
                -3.8064498901367188,
                -4.373064041137695,
                0.0
            ],
            [
                -3.4738693237304688,
                -4.619516372680664,
                0.0
            ],
            [
                -3.1048355102539062,
                -4.822580337524414,
                0.0
            ],
            [
                -2.7117691040039062,
                -4.981452941894531,
                0.0
            ],
            [
                -2.3064498901367188,
                -5.094839096069336,
                0.0
            ],
            [
                -1.8891983032226562,
                -5.16290283203125,
                0.0
            ],
            [
                -1.4596786499023438,
                -5.185483932495117,
                0.0
            ],
            [
                -0.7117691040039062,
                -5.127098083496094,
                0.0
            ],
            [
                0.03226470947265625,
                -4.95161247253418,
                0.0
            ],
            [
                0.7721023559570312,
                -4.659355163574219,
                0.0
            ],
            [
                1.5080642700195312,
                -4.25,
                0.0
            ],
            [
                2.2085494995117188,
                -3.7461299896240234,
                0.0
            ],
            [
                2.8427352905273438,
                -3.1693553924560547,
                0.0
            ],
            [
                3.4101638793945312,
                -2.520162582397461,
                0.0
            ],
            [
                3.9112930297851562,
                -1.7983875274658203,
                0.0
            ],
            [
                4.320487976074219,
                -1.0312910079956055,
                0.0
            ],
            [
                4.612907409667969,
                -0.24612903594970703,
                0.0
            ],
            [
                4.788230895996094,
                0.5574188232421875,
                0.0
            ],
            [
                4.846778869628906,
                1.3790321350097656,
                0.0
            ],
            [
                4.812416076660156,
                1.791773796081543,
                0.0
            ],
            [
                4.709678649902344,
                2.191451072692871,
                0.0
            ],
            [
                4.538230895996094,
                2.57806396484375,
                0.0
            ],
            [
                4.298393249511719,
                2.951613426208496,
                0.0
            ],
            [
                3.9928970336914062,
                3.301774024963379,
                0.0
            ],
            [
                3.6249923706054688,
                3.618870735168457,
                0.0
            ],
            [
                3.1945114135742188,
                3.902581214904785,
                0.0
            ],
            [
                2.7016067504882812,
                4.153225898742676,
                0.0
            ],
            [
                2.4893569946289062,
                4.2332258224487305,
                0.0
            ],
            [
                2.2237167358398438,
                4.312419891357422,
                0.0
            ],
            [
                1.9046707153320312,
                4.390483856201172,
                0.0
            ],
            [
                1.5322647094726562,
                4.467741966247559,
                0.0
            ],
            [
                1.1537094116210938,
                4.534677505493164,
                0.0
            ],
            [
                0.8164443969726562,
                4.58258056640625,
                0.0
            ],
            [
                0.5206375122070312,
                4.61129093170166,
                0.0
            ],
            [
                0.26612091064453125,
                4.620967864990234,
                0.0
            ],
            [
                0.08112335205078125,
                4.619355201721191,
                0.0
            ],
            [
                -0.07064056396484375,
                4.614838600158691,
                0.0
            ],
            [
                -0.18903350830078125,
                4.607257843017578,
                0.0
            ],
            [
                -0.27419281005859375,
                4.596774101257324,
                0.0
            ],
            [
                -0.34032440185546875,
                4.586129188537598,
                0.0
            ],
            [
                -0.40129852294921875,
                4.578548431396484,
                0.0
            ],
            [
                -0.45725250244140625,
                4.574031829833984,
                0.0
            ],
            [
                -0.5080642700195312,
                4.572580337524414,
                0.0
            ],
