{
    "nurbsCircleShape2": {
        "degree": 3, 
        "form": 2, 
        "min": 0.0, 
        "max": 8.0, 
        "spans": 8, 
        "cv_len": 8, 
        "cv_pose": [
            [
                -3.959758407371523e-16, 
                0.7836116248912245, 
                -0.7836116248912246
            ], 
            [
                -6.785732323110915e-17, 
                6.78573232311091e-17, 
                -1.1081941875543877
            ], 
            [
                3.0001109391738284e-16, 
                -0.7836116248912245, 
                -0.7836116248912244
            ], 
            [
                4.921370811114603e-16, 
                -1.1081941875543881, 
                -5.74489823752483e-17
            ], 
            [
                3.959758407371523e-16, 
                -0.7836116248912245, 
                0.7836116248912245
            ], 
            [
                6.785732323110922e-17, 
                -1.1100856969603222e-16, 
                1.1081941875543884
            ], 
            [
                -3.0001109391738284e-16, 
                0.7836116248912245, 
                0.7836116248912244
            ], 
            [
                -4.921370811114603e-16, 
                1.1081941875543881, 
                1.511240500779959e-16
            ]
        ]
    }, 
    "nurbsCircleShape3": {
        "degree": 3, 
        "form": 2, 
        "min": 0.0, 
        "max": 8.0, 
        "spans": 8, 
        "cv_len": 8, 
        "cv_pose": [
            [
                0.7836116248912243, 
                0.7836116248912252, 
                8.25151768378406e-17
            ], 
            [
                1.108194187554388, 
                6.215115394815019e-16, 
                1.7821121732462093e-16
            ], 
            [
                0.7836116248912252, 
                -0.7836116248912243, 
                1.6951354366965747e-16
            ], 
            [
                7.956546040424388e-16, 
                -1.1081941875543884, 
                6.151713513893257e-17
            ], 
            [
                -0.7836116248912242, 
                -0.7836116248912252, 
                -8.251517683784057e-17
            ], 
            [
                -1.1081941875543886, 
                -6.646627859464253e-16, 
                -1.7821121732462103e-16
            ], 
            [
                -0.7836116248912252, 
                0.7836116248912243, 
                -1.6951354366965747e-16
            ], 
            [
                -8.893296717451864e-16, 
                1.1081941875543884, 
                -6.151713513893258e-17
            ]
        ]
    }, 
    "nurbsCircleShape1": {
        "degree": 3, 
        "form": 2, 
        "min": 0.0, 
        "max": 8.0, 
        "spans": 8, 
        "cv_len": 8, 
        "cv_pose": [
            [
                0.7836116248912245, 
                4.798237340988473e-17, 
                -0.7836116248912246
            ], 
            [
                6.785732323110912e-17, 
                6.785732323110912e-17, 
                -1.1081941875543877
            ], 
            [
                -0.7836116248912245, 
                4.798237340988472e-17, 
                -0.7836116248912244
            ], 
            [
                -1.1081941875543881, 
                3.517735619006027e-33, 
                -5.74489823752483e-17
            ], 
            [
                -0.7836116248912245, 
                -4.7982373409884725e-17, 
                0.7836116248912245
            ], 
            [
                -1.1100856969603225e-16, 
                -6.785732323110917e-17, 
                1.1081941875543884
            ], 
            [
                0.7836116248912245, 
                -4.798237340988472e-17, 
                0.7836116248912244
            ], 
            [
                1.1081941875543881, 
                -9.253679210110099e-33, 
                1.511240500779959e-16
            ]
        ]
    }
}