{
    "polyToCurveShape48": {
        "min": 0.0,
        "max": 137.0,
        "spans": 137,
        "degree": 1,
        "form": 2,
        "cv_len": 137,
        "cv_pose": [
            [
                0.10483551025390625,
                5.387097358703613,
                0.0
            ],
            [
                0.06789398193359375,
                5.373870849609375,
                0.0
            ],
            [
                0.03821563720703125,
                5.334676742553711,
                0.0
            ],
            [
                0.01548004150390625,
                5.2690324783325195,
                0.0
            ],
            [
                -7.62939453125e-06,
                5.1774187088012695,
                0.0
            ],
            [
                -0.01064300537109375,
                5.054354667663574,
                0.0
            ],
            [
                -0.01822662353515625,
                4.895160675048828,
                0.0
            ],
            [
                -0.02274322509765625,
                4.699516296386719,
                0.0
            ],
            [
                -0.02419281005859375,
                4.467741966247559,
                0.0
            ],
            [
                -1.0666122436523438,
                4.339676856994629,
                0.0
            ],
            [
                -2.0161361694335938,
                4.2298383712768555,
                0.0
            ],
            [
                -2.8730697631835938,
                4.138064384460449,
                0.0
            ],
            [
                -3.6371078491210938,
                4.064516067504883,
                0.0
            ],
            [
                -3.9698410034179688,
                4.040322303771973,
                0.0
            ],
            [
                -4.338722229003906,
                4.016129493713379,
                0.0
            ],
            [
                -4.744041442871094,
                3.9919357299804688,
                0.0
            ],
            [
                -5.185493469238281,
                3.9677419662475586,
                0.0
            ],
            [
                -5.255165100097656,
                3.963064193725586,
                0.0
            ],
            [
                -5.318550109863281,
                3.9495162963867188,
                0.0
            ],
            [
                -5.376136779785156,
                3.926774024963379,
                0.0
            ],
            [
                -5.427421569824219,
                3.8951616287231445,
                0.0
            ],
            [
                -5.469841003417969,
                3.8532257080078125,
                0.0
            ],
            [
                -5.500007629394531,
                3.8003225326538086,
                0.0
            ],
            [
                -5.518226623535156,
                3.7362899780273438,
                0.0
            ],
            [
                -5.524192810058594,
                3.661290168762207,
                0.0
            ],
            [
                -5.507102966308594,
                3.542257308959961,
                0.0
            ],
            [
                -5.455650329589844,
                3.427419662475586,
                0.0
            ],
            [
                -5.370002746582031,
                3.3164520263671875,
                0.0
            ],
            [
                -5.250007629394531,
                3.209676742553711,
                0.0
            ],
            [
                -5.111946105957031,
                3.117903709411621,
                0.0
            ],
            [
                -4.971778869628906,
                3.052419662475586,
                0.0
            ],
            [
                -4.829689025878906,
                3.013064384460449,
                0.0
            ],
            [
                -4.685493469238281,
                3.0,
                0.0
            ],
            [
                -4.567588806152344,
                3.0040321350097656,
                0.0
            ],
            [
                -4.455650329589844,
                3.016129493713379,
                0.0
            ],
            [
                -4.349845886230469,
                3.036290168762207,
                0.0
            ],
            [
                -4.250007629394531,
                3.064516067504883,
                0.0
            ],
            [
                -3.5756454467773438,
                3.220644950866699,
                0.0
            ],
            [
                -2.6330642700195312,
                3.3830642700195312,
                0.0
            ],
            [
                -1.4224319458007812,
                3.5512895584106445,
                0.0
            ],
            [
                0.05644989013671875,
                3.72580623626709,
                0.0
            ],
            [
                0.07257843017578125,
                3.442903518676758,
                0.0
            ],
            [
                0.08870697021484375,
                2.9979028701782227,
                0.0
            ],
            [
                0.10483551025390625,
                2.390483856201172,
                0.0
            ],
            [
                0.12096405029296875,
                1.6209678649902344,
                0.0
            ],
            [
                0.13500213623046875,
                0.7937088012695312,
                0.0
            ],
            [
                0.14514923095703125,
                0.014032363891601562,
                0.0
            ],
            [
                0.15113067626953125,
                -0.7183876037597656,
                0.0
            ],
            [
                0.15322113037109375,
                -1.4032258987426758,
                0.0
            ],
            [
                0.14708709716796875,
                -2.286290168762207,
                0.0
            ],
            [
                0.12902069091796875,
                -3.096774101257324,
                0.0
            ],
            [
                0.09870147705078125,
                -3.8346776962280273,
                0.0
            ],
            [
                0.05644989013671875,
                -4.500000953674316,
                0.0
            ],
            [
                0.04032135009765625,
                -5.064517021179199,
                0.0
            ],
            [
                0.04531097412109375,
                -5.127097129821777,
                0.0
            ],
            [
                0.06047821044921875,
                -5.185484886169434,
                0.0
            ],
            [
                0.08563995361328125,
                -5.2400007247924805,
                0.0
            ],
            [
                0.12096405029296875,
                -5.290322303771973,
                0.0
            ],
            [
                0.16321563720703125,
                -5.332741737365723,
                0.0
            ],
            [
                0.20967864990234375,
                -5.3629045486450195,
                0.0
            ],
            [
                0.26000213623046875,
                -5.381129264831543,
                0.0
            ],
            [
                0.31450653076171875,
                -5.387097358703613,
                0.0
            ],
            [
                0.41063690185546875,
                -5.380162239074707,
                0.0
            ],
            [
                0.5059585571289062,
                -5.358872413635254,
                0.0
            ],
            [
                0.6001510620117188,
