{
    "polyToCurveShape49": {
        "min": 0.0,
        "max": 128.0,
        "spans": 128,
        "degree": 1,
        "form": 2,
        "cv_len": 128,
        "cv_pose": [
            [
                -3.4919357299804688,
                5.564516544342041,
                0.0
            ],
            [
                -3.5701675415039062,
                5.556936740875244,
                0.0
            ],
            [
                -3.6432266235351562,
                5.534193515777588,
                0.0
            ],
            [
                -3.7112960815429688,
                5.496452808380127,
                0.0
            ],
            [
                -3.7741928100585938,
                5.443548679351807,
                0.0
            ],
            [
                -3.8312911987304688,
                5.378387928009033,
                0.0
            ],
            [
                -3.8811264038085938,
                5.304355144500732,
                0.0
            ],
            [
                -3.9240341186523438,
                5.221129894256592,
                0.0
            ],
            [
                -3.9596786499023438,
                5.129032611846924,
                0.0
            ],
            [
                -4.060493469238281,
                4.727259159088135,
                0.0
            ],
            [
                -4.153221130371094,
                4.2156453132629395,
                0.0
            ],
            [
                -4.237907409667969,
                3.594193935394287,
                0.0
            ],
            [
                -4.314521789550781,
                2.862903118133545,
                0.0
            ],
            [
                -4.378059387207031,
                2.097259044647217,
                0.0
            ],
            [
                -4.423393249511719,
                1.3729033470153809,
                0.0
            ],
            [
                -4.450645446777344,
                0.690000057220459,
                0.0
            ],
            [
                -4.459678649902344,
                0.04838705062866211,
                0.0
            ],
            [
                -4.444679260253906,
                -0.7022576332092285,
                0.0
            ],
            [
                -4.399192810058594,
                -1.4214520454406738,
                0.0
            ],
            [
                -4.323707580566406,
                -2.1095166206359863,
                0.0
            ],
            [
                -4.217750549316406,
                -2.7661290168762207,
                0.0
            ],
            [
                -4.083229064941406,
                -3.374516010284424,
                0.0
            ],
            [
                -3.9214553833007812,
                -3.917419910430908,
                0.0
            ],
            [
                -3.7324142456054688,
                -4.394676685333252,
                0.0
            ],
            [
                -3.5161361694335938,
                -4.80645227432251,
                0.0
            ],
            [
                -3.2758102416992188,
                -5.138063907623291,
                0.0
            ],
            [
                -3.0141983032226562,
                -5.375000476837158,
                0.0
            ],
            [
                -2.7314529418945312,
                -5.517096042633057,
                0.0
            ],
            [
                -2.4274215698242188,
                -5.564516544342041,
                0.0
            ],
            [
                -1.7879104614257812,
                -5.436451435089111,
                0.0
            ],
            [
                -1.1270980834960938,
                -5.052420139312744,
                0.0
            ],
            [
                -0.44516754150390625,
                -4.412418842315674,
                0.0
            ],
            [
                0.25806427001953125,
                -3.5161290168762207,
                0.0
            ],
            [
                0.9520950317382812,
                -2.450645923614502,
                0.0
            ],
            [
                1.6067733764648438,
                -1.3024182319641113,
                0.0
            ],
            [
                2.2222518920898438,
                -0.07161283493041992,
                0.0
            ],
            [
                2.7983779907226562,
                1.241936206817627,
                0.0
            ],
            [
                2.8074111938476562,
                1.0846772193908691,
                0.0
            ],
            [
                2.8185501098632812,
                0.8387103080749512,
                0.0
            ],
            [
                2.8316116333007812,
                0.5040326118469238,
                0.0
            ],
            [
                2.8467788696289062,
                0.08064508438110352,
                0.0
            ],
            [
                2.8788681030273438,
                -0.9385476112365723,
                0.0
            ],
            [
                2.9112930297851562,
                -1.7540326118469238,
                0.0
            ],
            [
                2.9435501098632812,
                -2.365967273712158,
                0.0
            ],
            [
                2.9758071899414062,
                -2.774193286895752,
                0.0
            ],
            [
                3.0206375122070312,
                -3.1341938972473145,
                0.0
            ],
            [
                3.0906448364257812,
                -3.4879040718078613,
                0.0
            ],
            [
                3.1859664916992188,
                -3.835806369781494,
                0.0
            ],
            [
                3.3064498901367188,
                -4.177420139312744,
                0.0
            ],
            [
                3.4429092407226562,
                -4.47387170791626,
                0.0
            ],
            [
                3.5866165161132812,
                -4.685484409332275,
                0.0
            ],
            [
                3.7372512817382812,
                -4.812418460845947,
                0.0
            ],
            [
                3.8951644897460938,
                -4.854837894439697,
                0.0
            ],
            [
                4.010963439941406,
                -4.846128940582275,
                0.0
            ],
            [
                4.116935729980469,
                -4.820484638214111,
                0.0
            ],
            [
                4.212577819824219,
                -4.777580738067627,
                0.0
            ],
            [
                4.298377990722656,
                -4.7177414894104,
                0.0
            ],
            [
                4.368873596191406,
                -4.645645618438721,
                0.0
            ],
            [
                4.419349670410156,
                -4.566612720489502,
                0.0
            ],
            [
                4.449516296386719,
                -4.480484485626221,
                0.0
            ],
            [
                4.459678649902344,
                -4.387096881866455,
                0.0
            ],
            [
                4.447578430175781,
                -4.344839572906494,
                0.0
            ],
            [
                4.411293029785156,
                -4.282257556915283,
                0.0
            ],
            [
                4.350807189941406,
                -4.199676990509033,
                0.0
            ],
            [
                4.266120910644531,
