{
    "polyToCurveShape50": {
        "min": 0.0,
        "max": 110.0,
        "spans": 110,
        "degree": 1,
        "form": 2,
        "cv_len": 110,
        "cv_pose": [
            [
                3.8628997802734375,
                5.6693549156188965,
                0.0
            ],
            [
                3.7448272705078125,
                5.655160427093506,
                0.0
            ],
            [
                3.633056640625,
                5.612903118133545,
                0.0
            ],
            [
                3.527099609375,
                5.542257785797119,
                0.0
            ],
            [
                3.4274139404296875,
                5.44354772567749,
                0.0
            ],
            [
                3.3254852294921875,
                5.305322170257568,
                0.0
            ],
            [
                3.2136993408203125,
                5.1169352531433105,
                0.0
            ],
            [
                3.09161376953125,
                4.877902507781982,
                0.0
            ],
            [
                2.9596710205078125,
                4.588709354400635,
                0.0
            ],
            [
                2.803863525390625,
                4.203063488006592,
                0.0
            ],
            [
                2.64306640625,
                3.7559666633605957,
                0.0
            ],
            [
                2.4772491455078125,
                3.2474188804626465,
                0.0
            ],
            [
                2.3064422607421875,
                2.6774182319641113,
                0.0
            ],
            [
                2.1203155517578125,
                2.0216126441955566,
                0.0
            ],
            [
                1.9091949462890625,
                1.2559666633605957,
                0.0
            ],
            [
                1.6727447509765625,
                0.38048315048217773,
                0.0
            ],
            [
                1.411285400390625,
                -0.6048398017883301,
                0.0
            ],
            [
                1.2322540283203125,
                -1.3045172691345215,
                0.0
            ],
            [
                1.0664520263671875,
                -1.9677424430847168,
                0.0
            ],
            [
                0.9137115478515625,
                -2.5948386192321777,
                0.0
            ],
            [
                0.7741851806640625,
                -3.185485363006592,
                0.0
            ],
            [
                0.6556396484375,
                -3.70564603805542,
                0.0
            ],
            [
                0.5664520263671875,
                -4.120969295501709,
                0.0
            ],
            [
                0.5064544677734375,
                -4.431453227996826,
                0.0
            ],
            [
                0.475799560546875,
                -4.6370978355407715,
                0.0
            ],
            [
                0.3940277099609375,
                -4.431453227996826,
                0.0
            ],
            [
                0.2458038330078125,
                -4.072581768035889,
                0.0
            ],
            [
                0.0311279296875,
                -3.560485363006592,
                0.0
            ],
            [
                -0.25,
                -2.8951621055603027,
                0.0
            ],
            [
                -1.5725860595703125,
                0.3145155906677246,
                0.0
            ],
            [
                -1.821624755859375,
                0.9077410697937012,
                0.0
            ],
            [
                -2.0685577392578125,
                1.4777417182922363,
                0.0
            ],
            [
                -2.3135528564453125,
                2.02467679977417,
                0.0
            ],
            [
                -2.55645751953125,
                2.5483860969543457,
                0.0
            ],
            [
                -2.7812957763671875,
                3.0154833793640137,
                0.0
            ],
            [
                -2.971771240234375,
                3.393064022064209,
                0.0
            ],
            [
                -3.1280670166015625,
                3.6808056831359863,
                0.0
            ],
            [
                -3.25,
                3.8790316581726074,
                0.0
            ],
            [
                -3.303558349609375,
                3.953063488006592,
                0.0
            ],
            [
                -3.3508148193359375,
                4.014031887054443,
                0.0
            ],
            [
                -3.3922576904296875,
                4.061934947967529,
                0.0
            ],
            [
                -3.42742919921875,
                4.096773624420166,
                0.0
            ],
            [
                -3.46484375,
                4.1214518547058105,
                0.0
            ],
            [
                -3.5121002197265625,
                4.139031887054443,
                0.0
            ],
            [
                -3.5696868896484375,
                4.14967679977417,
                0.0
            ],
            [
                -3.6371002197265625,
                4.153225421905518,
                0.0
            ],
            [
                -3.7495269775390625,
                4.141128063201904,
                0.0
            ],
            [
                -3.8609771728515625,
                4.104838848114014,
                0.0
            ],
            [
                -3.9712982177734375,
                4.0443549156188965,
                0.0
            ],
            [
                -4.0806427001953125,
                3.959677219390869,
                0.0
            ],
            [
                -4.1759796142578125,
                3.8679022789001465,
                0.0
            ],
            [
                -4.2440338134765625,
                3.786289691925049,
                0.0
            ],
            [
                -4.2848358154296875,
                3.7146763801574707,
                0.0
            ],
            [
                -4.2983856201171875,
                3.6532254219055176,
                0.0
            ],
            [
                -4.2812957763671875,
                3.5341925621032715,
                0.0
            ],
            [
                -4.230010986328125,
                3.4193549156188965,
                0.0
            ],
            [
                -4.144195556640625,
                3.308387279510498,
                0.0
            ],
            [
                -4.024200439453125,
                3.2016119956970215,
                0.0
            ],
            [
                -3.895172119140625,
                3.0508065223693848,
                0.0
            ],
            [
                -3.717742919921875,
                2.7761282920837402,
                0.0
            ],
            [
                -3.491943359375,
                2.3774189949035645,
                0.0
            ],
            [
                -3.217742919921875,
                1.8548378944396973,
                0.0
            ],
            [
                -2.9204864501953125,
                1.258547306060791,
                0.0
            ],
            [
                -2.625,
                0.6390318870544434,
                0.0
            ],
            [
                -2.3317718505859375,
                -0.0035490989685058594,
                0.0
            ],
            [
