{
    "polyToCurveShape53": {
        "min": 0.0,
        "max": 136.0,
        "spans": 136,
        "degree": 1,
        "form": 2,
        "cv_len": 136,
        "cv_pose": [
            [
                3.0564498901367188,
                5.516129016876221,
                0.0
            ],
            [
                2.9888687133789062,
                5.507419109344482,
                0.0
            ],
            [
                2.9314498901367188,
                5.481773853302002,
                0.0
            ],
            [
                2.8840408325195312,
                5.438869953155518,
                0.0
            ],
            [
                2.8467788696289062,
                5.379032611846924,
                0.0
            ],
            [
                2.8133926391601562,
                5.297741413116455,
                0.0
            ],
            [
                2.7782363891601562,
                5.191451549530029,
                0.0
            ],
            [
                2.7408065795898438,
                5.059838771820068,
                0.0
            ],
            [
                2.7016220092773438,
                4.903225421905518,
                0.0
            ],
            [
                2.6480636596679688,
                4.700483798980713,
                0.0
            ],
            [
                2.5362930297851562,
                4.334677219390869,
                0.0
            ],
            [
                2.3658065795898438,
                3.8053221702575684,
                0.0
            ],
            [
                2.1371078491210938,
                3.112903118133545,
                0.0
            ],
            [
                2.0650100708007812,
                2.8970961570739746,
                0.0
            ],
            [
                1.9777450561523438,
                2.6532254219055176,
                0.0
            ],
            [
                1.8754806518554688,
                2.380967617034912,
                0.0
            ],
            [
                1.7580642700195312,
                2.0806450843811035,
                0.0
            ],
            [
                1.6375808715820312,
                1.7841925621032715,
                0.0
            ],
            [
                1.5261306762695312,
                1.524193286895752,
                0.0
            ],
            [
                1.4238815307617188,
                1.3003220558166504,
                0.0
            ],
            [
                1.3306503295898438,
                1.112903118133545,
                0.0
            ],
            [
                1.2267837524414062,
                0.9333863258361816,
                0.0
            ],
            [
                1.1088790893554688,
                0.7661280632019043,
                0.0
            ],
            [
                0.9767837524414062,
                0.6108059883117676,
                0.0
            ],
            [
                0.8306503295898438,
                0.4677414894104004,
                0.0
            ],
            [
                0.6712875366210938,
                0.34774160385131836,
                0.0
            ],
            [
                0.5000076293945312,
                0.26209592819213867,
                0.0
            ],
            [
                0.31645965576171875,
                0.21064424514770508,
                0.0
            ],
            [
                0.12096405029296875,
                0.19354772567749023,
                0.0
            ],
            [
                -0.18306732177734375,
                0.2564511299133301,
                0.0
            ],
            [
                -0.48192596435546875,
                0.4454836845397949,
                0.0
            ],
            [
                -0.7757949829101562,
                0.7604832649230957,
                0.0
            ],
            [
                -1.0645065307617188,
                1.2016119956970215,
                0.0
            ],
            [
                -1.3514480590820312,
                1.7291932106018066,
                0.0
            ],
            [
                -1.6391830444335938,
                2.304354190826416,
                0.0
            ],
            [
                -1.9280624389648438,
                2.926774501800537,
                0.0
            ],
            [
                -2.2177352905273438,
                3.596773624420166,
                0.0
            ],
            [
                -2.4345169067382812,
                4.041289806365967,
                0.0
            ],
            [
                -2.6653213500976562,
                4.358870029449463,
                0.0
            ],
            [
                -2.9103164672851562,
                4.549354076385498,
                0.0
            ],
            [
                -3.1693496704101562,
                4.612903118133545,
                0.0
            ],
            [
                -3.2404861450195312,
                4.61032247543335,
                0.0
            ],
            [
                -3.3085403442382812,
                4.602741718292236,
                0.0
            ],
            [
                -3.3735427856445312,
                4.590160846710205,
                0.0
            ],
            [
                -3.4354782104492188,
                4.572579860687256,
                0.0
            ],
            [
                -3.4885482788085938,
                4.549838542938232,
                0.0
            ],
            [
                -3.5262832641601562,
                4.522096157073975,
                0.0
            ],
            [
                -3.5490341186523438,
                4.489354610443115,
                0.0
            ],
            [
                -3.5564498901367188,
                4.451612949371338,
                0.0
            ],
            [
                -3.5424118041992188,
                4.409193515777588,
                0.0
            ],
            [
                -3.4999923706054688,
                4.3306450843811035,
                0.0
            ],
            [
                -3.4295120239257812,
                4.215644359588623,
                0.0
            ],
            [
                -3.3306350708007812,
                4.064516544342041,
                0.0
            ],
            [
                -3.2177352905273438,
                3.886934757232666,
                0.0
            ],
            [
                -3.1048355102539062,
                3.6935477256774902,
                0.0
            ],
            [
                -2.9919357299804688,
                3.4838709831237793,
                0.0
            ],
            [
                -2.7177352905273438,
                2.935483455657959,
                0.0
            ],
            [
                -2.3870925903320312,
                2.243386745452881,
                0.0
            ],
            [
                -2.0564498901367188,
                1.6027417182922363,
                0.0
            ],
            [
                -1.7258071899414062,
                1.013547420501709,
                0.0
            ],
            [
                -1.3951644897460938,
                0.47580575942993164,
                0.0
            ],
            [
                -1.0656356811523438,
                0.027579784393310547,
                0.0
            ],
            [
                -0.7378921508789062,
                -0.2924199104309082,
                0.0
            ],
            [
                -0.41242218017578125,
                -0.48451662063598633,
                0.0
            ],
            [
                -0.08870697021484375,
